,code,country,long_country,EPI.new,HLT.new,AIR.new,PMD.new,HAD.new,OZD.new,H2O.new,USD.new,UWD.new,HMT.new,PBD.new,WMG.new,MSW.new,ECO.new,BDH.new,TBN.new,TBG.new,MPA.new,PAR.new,SHI.new,SPI.new,BHV.new,ECS.new,TCL.new,GRL.new,WTL.new,FSH.new,FSS.new,RMS.new,FGT.new,CCH.new,CDA.new,CHA.new,FGA.new,NDA.new,BCA.new,LCB.new,GIB.new,GHP.new,APE.new,SDA.new,NXA.new,AGR.new,SNM.new,WRS.new,WWT.new,EPI.change,HLT.change,AIR.change,PMD.change,HAD.change,OZD.change,H2O.change,USD.change,UWD.change,HMT.change,PBD.change,WMG.change,MSW.change,ECO.change,BDH.change,TBN.change,TBG.change,MPA.change,PAR.change,SHI.change,SPI.change,BHV.change,ECS.change,TCL.change,GRL.change,WTL.change,FSH.change,FSS.change,RMS.change,FGT.change,CCH.change,CDA.change,CHA.change,FGA.change,NDA.change,BCA.change,LCB.change,GIB.change,GHP.change,APE.change,SDA.change,NXA.change,AGR.change,SNM.change,WRS.change,WWT.change,EPI.rnk.new,HLT.rnk.new,AIR.rnk.new,PMD.rnk.new,HAD.rnk.new,OZD.rnk.new,H2O.rnk.new,USD.rnk.new,UWD.rnk.new,HMT.rnk.new,PBD.rnk.new,WMG.rnk.new,MSW.rnk.new,ECO.rnk.new,BDH.rnk.new,TBN.rnk.new,TBG.rnk.new,MPA.rnk.new,PAR.rnk.new,SHI.rnk.new,SPI.rnk.new,BHV.rnk.new,ECS.rnk.new,TCL.rnk.new,GRL.rnk.new,WTL.rnk.new,FSH.rnk.new,FSS.rnk.new,RMS.rnk.new,FGT.rnk.new,CCH.rnk.new,CDA.rnk.new,CHA.rnk.new,FGA.rnk.new,NDA.rnk.new,BCA.rnk.new,LCB.rnk.new,GIB.rnk.new,GHP.rnk.new,APE.rnk.new,SDA.rnk.new,NXA.rnk.new,AGR.rnk.new,SNM.rnk.new,WRS.rnk.new,WWT.rnk.new,Entity_x,Year_x,life_satisfaction,Entity_y,Year_y,Co2PerCapita,continent
0,4,AFG,Afghanistan,25.5,20.0,17.7,25.4,7.3,16.9,28.0,28.5,27.7,0.0,0.0,0.0,0.0,29.2,21.9,0.6,1.3,,5.0,90.7,18.0,57.7,93.6,95.0,60.9,100.0,,,,,22.2,0.0,66.1,,34.1,15.7,100.0,50.6,100.0,0.0,0.0,0.0,51.0,51.0,0.0,0.0,5.0,1.0,-3.6,-10.0,4.7,1.8,7.1,7.5,6.9,0.0,0.0,0,0,7.7,-0.4,0.0,0.0,,1.9,-4.8,0.0,0.2,40.5,45.0,-2.4,0.0,,,,,7.3,0.0,46.5,,1.6,-9.8,0.0,-1.5,0.0,0.0,0.0,0.0,0.9,0.9,0,0,178,161,171,142,167,174,127,128,125,180,180,133,133,175,167,179,179,,164,54.0,149.0,66,15.0,12.0,68.0,1.0,,,,,172,176,89,,147,156,1.0,77,1,179,176,176,48,48,134,134,Afghanistan,2019,2.375,Afghanistan,2020,0.3124,Asia
1,8,ALB,Albania,49.0,44.5,41.2,44.2,34.6,60.1,54.0,59.7,50.2,46.1,46.1,0.0,0.0,52.0,68.2,100.0,100.0,14.7,38.6,82.1,92.2,39.6,43.2,41.1,70.2,54.4,8.9,,16.2,0.4,56.8,41.2,79.2,89.4,61.9,100.0,78.4,36.4,58.3,100.0,100.0,100.0,37.6,37.6,2.7,2.7,10.2,3.1,4.1,2.8,4.8,12.1,2.5,4.4,1.2,2.1,2.1,0,0,14.9,11.1,20.5,20.9,10.0,12.2,-12.2,7.2,0.5,11.9,12.0,11.1,11.6,-0.4,,0.0,-0.8,14.7,23.3,-20.8,24.6,1.4,100.0,0.0,-48.0,-6.0,93.8,87.6,100.0,8.9,8.9,0,0,62,86,81,76,100,39,69,69,66,99,99,133,133,55,65,1,1,57.0,62,98.0,47.0,165,55.0,47.0,41.0,81.0,108.0,,58.0,75.0,66,92,65,78.0,80,1,26.0,130,87,1,1,1,94,94,92,92,Albania,2020,5.365,Albania,2020,1.5757,Europe
2,784,ARE,United Arab Emirates,55.6,55.2,48.6,13.9,100.0,18.8,67.2,90.5,51.6,54.3,54.3,26.8,26.8,55.9,80.9,90.4,90.4,100.0,8.9,81.3,80.3,76.8,100.0,,100.0,100.0,14.5,13.5,15.6,,38.9,26.5,52.7,92.6,41.7,74.4,15.0,19.8,0.0,83.4,100.0,66.7,13.7,13.7,76.8,76.8,11.3,3.6,4.7,8.1,0.0,5.3,1.7,2.9,0.8,13.2,13.2,0,0,16.4,39.4,87.7,87.7,0.0,2.0,-12.9,53.8,0.0,43.6,,87.2,0.0,-1.1,-2.1,0.0,,3.9,-0.2,0.8,2.3,37.7,32.9,0.0,3.3,0.0,26.1,30.3,21.8,-11.5,-11.5,0,0,42,51,63,168,1,172,40,26,62,75,75,93,93,41,34,69,70,1.0,154,100.0,83.0,9,1.0,,1.0,1.0,53.0,37.0,63.0,,125,132,123,34.0,128,56,151.0,165,172,46,1,69,169,169,21,21,United Arab Emirates,2020,6.457999999999999,United Arab Emirates,2020,15.1933,Asia
3,32,ARG,Argentina,52.2,60.2,56.9,54.7,60.9,48.7,64.7,72.7,59.3,73.1,73.1,44.6,44.6,46.8,49.1,41.7,56.7,43.0,16.2,69.4,64.3,58.9,29.4,27.6,47.3,44.5,3.2,0.7,6.2,2.6,60.2,48.2,88.1,90.7,58.0,90.3,57.8,36.2,29.8,59.3,67.3,51.3,78.4,78.4,5.9,5.9,5.0,3.4,3.6,2.3,6.4,-3.7,3.6,5.2,2.5,3.8,3.8,0,0,5.9,7.1,1.8,1.2,40.4,5.7,-23.7,1.5,1.1,8.6,8.9,7.4,4.6,-2.0,-6.4,0.0,0.9,10.1,8.9,34.1,5.9,20.9,-7.5,0.0,-24.8,1.1,-11.7,-10.5,-13.0,1.4,1.4,0,0,54,40,39,43,61,65,46,48,43,35,35,73,73,80,120,134,115,39.0,127,131.0,112.0,57,112.0,99.0,120.0,102.0,135.0,105.0,115.0,63.0,54,68,46,48.0,95,33,67.0,132,132,88,89,90,2,2,77,77,Argentina,2020,5.901,Argentina,2020,3.4733,Americas
4,51,ARM,Armenia,52.3,43.5,36.3,22.1,57.0,26.1,57.2,50.7,61.5,50.8,50.8,0.0,0.0,58.1,79.2,100.0,100.0,,19.0,92.4,74.5,48.0,81.5,82.4,45.8,100.0,,,,,46.7,39.3,54.7,89.4,0.0,57.6,97.3,23.0,60.3,46.8,50.6,43.0,57.6,57.6,8.8,8.8,4.5,4.1,7.6,5.7,11.2,-2.3,0.3,-3.4,2.7,5.7,5.7,0,0,4.7,-0.3,0.0,0.0,,4.4,-6.1,0.3,-0.7,20.3,17.8,-4.9,88.7,,,,,5.8,8.8,10.5,36.7,0.0,-38.8,0.0,-43.1,-6.9,-6.4,-8.2,-4.6,6.0,6.0,0,0,53,91,97,149,66,157,60,92,39,85,85,133,133,36,35,1,1,,121,41.0,94.0,123,20.0,17.0,128.0,1.0,,,,,102,95,118,78.0,174,81,10.0,161,78,120,124,113,30,30,69,69,Armenia,2019,5.4879999999999995,Armenia,2020,1.9878,Asia
5,36,AUS,Australia,74.9,91.6,98.2,100.0,98.8,73.8,87.0,96.0,81.0,77.2,77.2,77.3,77.3,63.8,83.7,89.0,82.5,100.0,40.4,87.3,92.4,73.4,27.9,24.5,44.0,72.9,3.4,0.7,,6.5,70.4,66.7,85.8,90.9,70.1,56.9,89.3,62.5,0.0,90.3,92.4,88.2,49.2,49.2,92.7,92.7,5.5,2.3,2.9,1.7,6.5,-12.6,1.5,2.9,0.5,6.3,6.3,0,0,7.6,21.3,26.7,23.1,44.8,20.6,-9.1,11.3,0.5,-2.6,-4.0,12.7,6.1,-3.7,-7.6,,0.7,5.5,19.4,-13.5,5.1,-29.9,-43.1,0.0,-1.5,0.0,17.6,18.4,16.8,-2.1,-2.1,0,0,13,11,2,1,22,19,25,19,27,28,28,40,40,21,25,72,86,1.0,56,71.0,46.0,17,120.0,115.0,135.0,42.0,134.0,105.0,,39.0,20,19,52,46.0,52,84,18.0,43,172,35,58,40,56,56,11,11,Australia,2020,7.1370000000000005,Australia,2020,15.3684,Oceania
6,40,AUT,Austria,79.6,88.0,81.3,73.9,96.4,42.2,94.7,86.7,100.0,91.7,91.7,97.2,97.2,74.0,85.5,100.0,100.0,,63.7,84.7,81.2,54.7,35.6,32.5,69.9,57.3,,,,,71.3,62.8,100.0,87.8,66.9,100.0,76.7,42.7,23.0,100.0,100.0,100.0,68.0,68.0,94.0,94.0,5.4,5.2,8.8,12.3,5.3,-0.9,0.9,2.2,0.0,7.6,7.6,0,0,5.5,0.8,0.0,0.0,,13.4,-6.6,0.0,-0.2,4.7,3.8,24.1,2.3,,,,,7.8,16.5,0.0,2.1,-33.1,0.0,0.0,3.5,0.3,22.6,0.0,45.3,-0.9,-0.9,0,0,6,16,18,19,29,89,18,28,1,14,14,12,12,6,18,1,1,,17,87.0,77.0,83,85.0,85.0,43.0,66.0,,,,,16,26,1,98.0,64,1,29.0,114,146,1,1,1,12,12,10,10,Austria,2020,7.212999999999999,Austria,2020,6.7324,Europe
7,31,AZE,Azerbaijan,46.5,32.7,24.9,12.7,40.7,33.1,45.5,44.3,46.4,41.0,41.0,0.0,0.0,55.7,56.9,50.7,62.2,,11.7,96.0,77.3,44.4,80.5,80.2,65.2,100.0,,,,,48.6,42.4,43.8,88.9,60.9,37.4,100.0,27.7,40.3,100.0,100.0,100.0,64.3,64.3,3.8,3.8,4.0,3.3,5.0,3.5,8.4,-6.2,1.5,1.5,1.6,4.4,4.4,0,0,4.5,0.1,0.1,0.1,,4.1,-3.3,0.4,-0.8,21.0,18.6,18.4,65.4,,,,,2.6,-4.1,35.9,27.8,46.3,-39.2,0.0,-72.3,-4.9,4.9,0.0,9.8,13.2,13.2,0,0,72,113,150,170,85,134,97,105,84,121,121,133,133,44,104,124,109,,141,19.0,89.0,147,22.0,19.0,58.0,1.0,,,,,100,86,138,92.0,83,130,1.0,151,109,1,1,1,18,18,84,84,Azerbaijan,2019,5.172999999999999,Azerbaijan,2020,3.7203,Asia
8,56,BEL,Belgium,73.3,86.0,80.7,69.8,100.0,45.7,93.6,94.6,92.9,67.4,67.4,97.6,97.6,64.8,87.4,100.0,100.0,100.0,56.2,74.4,100.0,43.8,32.5,29.0,73.7,53.9,9.0,,16.5,0.1,70.2,57.9,100.0,93.6,100.0,100.0,44.5,47.1,19.6,100.0,100.0,100.0,47.3,47.3,67.9,67.9,2.1,5.7,8.0,12.5,2.7,-0.6,3.6,4.8,2.8,6.9,6.9,0,0,-0.3,0.6,0.0,0.0,0.0,11.2,-3.9,0.0,-0.6,6.2,3.7,24.4,32.6,0.1,,0.0,0.1,-2.9,-10.8,14.0,11.8,0.0,0.0,0.0,-6.7,1.9,0.0,0.0,0.0,1.2,1.2,0,0,15,20,20,23,1,77,20,21,19,49,49,10,10,17,10,1,1,1.0,21,121.0,1.0,152,98.0,95.0,29.0,83.0,105.0,,55.0,76.0,21,41,1,28.0,1,1,97.0,92,153,1,1,1,59,59,27,27,Belgium,2020,6.8389999999999995,Belgium,2020,7.2262,Europe
9,204,BEN,Benin,30.0,20.3,25.6,37.5,9.0,27.1,13.4,13.3,13.5,36.8,36.8,5.8,5.8,36.4,67.0,100.0,100.0,0.0,46.0,86.4,87.6,50.2,24.4,20.4,20.8,100.0,11.7,,11.7,,30.7,23.4,44.5,,44.4,11.9,50.4,37.2,85.7,33.4,43.5,23.3,42.7,42.7,0.0,0.0,2.7,0.5,-2.8,-6.3,2.8,-9.0,4.1,4.2,4.1,3.5,3.5,0,0,4.2,0.7,0.0,0.0,0.0,17.8,-10.5,0.0,0.2,4.9,1.7,7.2,60.0,0.0,,0.0,,10.4,23.4,3.8,,-6.9,-88.1,0.0,14.5,-1.0,-13.5,-8.4,-18.7,0.9,0.9,0,0,157,157,147,100,163,153,158,161,156,137,137,113,113,142,70,1,1,117.0,44,76.0,59.0,105,137.0,136.0,162.0,1.0,82.0,,83.0,,155,140,136,,123,161,86.0,126,23,155,137,151,71,71,134,134,Benin,2020,4.408,Benin,2020,0.5529,Africa
10,854,BFA,Burkina Faso,38.3,19.6,28.9,44.7,6.2,37.4,7.7,7.7,7.8,29.7,29.7,10.2,10.2,50.9,77.8,87.2,87.2,,35.1,85.6,99.6,53.0,95.5,100.0,65.7,43.9,,,,,31.9,21.6,37.2,,43.5,44.5,84.2,55.2,79.7,40.6,47.7,33.5,39.7,39.7,0.0,0.0,6.9,-0.4,-3.3,-5.4,0.8,-13.6,2.9,3.0,3.0,1.2,1.2,0,0,11.9,1.3,0.9,0.9,,12.9,-6.5,0.0,0.0,89.0,100.0,14.9,-34.7,,,,,5.9,-3.4,37.2,,36.8,-19.7,0.0,14.5,-0.5,-17.6,-11.8,-23.4,-0.5,-0.5,0,0,112,163,131,74,173,114,169,170,169,158,158,109,109,63,39,76,75,,67,82.0,17.0,89,13.0,1.0,52.0,106.0,,,,,150,142,149,,126,112,21.0,65,34,137,130,137,83,83,134,134,Burkina Faso,2019,4.7410000000000005,Burkina Faso,2020,0.1899,Africa
11,50,BGD,Bangladesh,29.0,22.4,20.2,24.2,16.0,9.2,27.3,28.0,26.8,23.2,23.2,5.0,5.0,33.5,46.8,18.2,88.9,29.9,4.7,92.7,52.2,44.7,22.8,20.3,47.3,44.5,19.6,34.5,12.1,11.0,35.6,19.7,65.0,,56.6,51.0,29.1,62.2,89.7,15.3,4.8,25.7,49.9,49.9,0.0,0.0,-0.1,2.7,0.8,-3.8,6.8,1.6,4.8,5.0,4.7,8.7,8.7,0,0,-1.9,3.5,0.8,0.1,15.4,4.7,-6.4,3.5,1.1,-14.2,-17.7,37.2,-1.0,-4.7,-11.9,0.0,-1.7,1.6,-0.6,5.8,,9.1,9.6,0.0,2.9,-6.4,-38.7,-60.9,-16.7,5.9,5.9,0,0,162,143,166,144,134,176,129,130,128,172,172,117,117,159,124,159,71,43.0,167,38.0,127.0,143,147.0,137.0,120.0,102.0,22.0,4.0,77.0,22.0,140,150,91,,98,96,133.0,44,18,173,175,146,54,54,134,134,Bangladesh,2020,5.28,Bangladesh,2020,0.5637,Asia
12,100,BGR,Bulgaria,57.0,50.3,33.0,28.2,38.2,45.7,68.3,84.0,57.8,45.8,45.8,83.6,83.6,61.5,77.7,100.0,100.0,55.8,37.0,83.6,100.0,44.8,41.4,41.0,51.8,38.9,12.9,,16.6,8.7,69.5,60.2,100.0,82.2,58.2,100.0,77.4,50.3,29.8,100.0,100.0,100.0,63.6,63.6,13.9,13.9,4.2,3.8,5.0,6.1,3.6,6.0,2.6,4.0,1.7,5.3,5.3,0,0,4.5,3.9,0.0,0.0,16.1,17.2,-10.1,0.0,-0.8,-0.5,-1.0,6.4,1.7,1.0,,0.0,2.3,5.2,8.5,0.0,10.1,-8.9,31.8,0.0,-34.9,1.1,17.3,0.0,34.7,12.3,12.3,0,0,41,63,111,133,95,77,37,30,47,100,100,30,30,27,40,1,1,36.0,64,96.0,1.0,142,61.0,48.0,103.0,129.0,66.0,,54.0,31.0,24,30,1,109.0,93,1,28.0,80,132,1,1,1,21,21,61,61,Bulgaria,2020,5.598,Bulgaria,2020,5.3888,Europe
13,48,BHR,Bahrain,51.0,49.2,41.2,16.5,77.4,23.1,56.6,66.6,49.9,58.7,58.7,60.4,60.4,52.2,18.9,14.7,14.7,10.3,2.0,,,69.7,100.0,,,100.0,0.0,,0.0,,67.1,73.0,27.1,95.7,56.1,100.0,,77.0,0.0,93.1,95.1,91.1,33.2,33.2,86.9,86.9,17.3,5.5,8.3,6.4,11.5,3.0,2.3,4.5,0.8,9.0,9.0,0,0,25.2,0.2,0.0,0.0,0.0,1.4,,,0.3,98.0,,,98.0,0.0,,0.0,,33.5,32.3,27.1,1.9,44.0,100.0,,70.3,0.0,43.4,37.9,48.8,-4.9,-4.9,0,0,56,67,81,162,41,165,61,54,67,66,66,59,59,53,173,164,163,58.0,177,,,27,1.0,,,1.0,136.0,,123.0,,30,11,166,18.0,101,1,,22,172,31,54,35,115,115,17,17,Bahrain,2020,6.172999999999999,Bahrain,2020,20.5456,Asia
14,70,BIH,Bosnia and Herzegovina,45.4,43.9,31.6,29.3,33.5,40.8,61.4,67.8,57.1,42.9,42.9,27.9,27.9,46.4,32.9,8.1,13.0,,41.8,88.3,41.5,49.0,53.4,54.3,47.3,43.0,,,,,57.5,52.9,69.5,90.6,24.8,75.7,62.6,32.8,28.6,78.1,64.8,91.3,25.1,25.1,1.1,1.1,10.9,3.3,3.6,3.5,4.1,0.6,3.2,5.0,2.0,4.3,4.3,0,0,15.9,2.0,0.2,0.1,,14.1,-8.3,9.1,0.1,0.0,1.1,-10.2,-10.7,,,,,27.4,30.9,54.2,5.9,-21.2,50.4,0.0,10.9,-11.9,78.1,64.8,91.3,-20.0,-20.0,0,0,78,88,118,130,102,95,50,53,50,116,116,91,91,82,151,169,165,,52,68.0,136.0,111,37.0,30.0,120.0,110.0,,,,,63,53,81,50.0,160,54,51.0,143,134,61,95,34,138,138,104,104,Bosnia and Herzegovina,2020,5.516,Bosnia and Herzegovina,2020,6.5282,Europe
15,112,BLR,Belarus,53.0,55.9,49.9,34.1,70.6,58.6,60.5,60.3,60.6,57.7,57.7,77.5,77.5,51.1,61.2,54.1,54.1,,27.5,91.3,99.2,55.1,27.9,24.1,68.8,54.9,,,,,53.1,57.7,54.8,89.6,0.0,15.7,62.6,26.4,19.0,80.4,100.0,60.8,45.9,45.9,7.2,7.2,2.3,7.5,13.2,15.5,10.8,8.3,1.4,1.9,1.0,8.2,8.2,0,0,-1.2,3.5,7.5,7.5,,3.9,-5.4,0.0,-0.3,-4.5,-7.1,28.4,9.3,,,,,-3.2,9.8,-6.6,20.0,-62.4,-68.6,0.0,-57.7,-6.4,-12.9,0.0,-25.8,8.5,8.5,0,0,49,48,57,110,52,44,52,66,40,67,67,37,37,61,88,117,121,,98,48.0,20.0,81,120.0,116.0,45.0,78.0,,,,,80,46,117,67.0,174,156,51.0,154,154,54,1,75,62,62,71,71,Belarus,2019,5.821000000000001,Belarus,2020,6.0793,Europe
16,68,BOL,Bolivia,44.3,35.9,32.4,34.5,28.4,39.8,40.0,42.5,38.3,43.7,43.7,31.1,31.1,49.8,83.6,97.1,96.7,,50.5,75.0,90.3,65.8,30.0,28.2,47.6,43.6,,,,,40.0,29.6,48.6,91.3,56.5,2.7,58.2,45.2,26.3,26.4,38.1,14.6,68.9,68.9,3.5,3.5,-0.3,3.8,3.1,2.9,5.6,-17.7,5.6,6.9,4.7,2.2,2.2,0,0,-3.2,-0.6,0.0,0.0,,11.4,-15.6,0.2,-0.5,-2.7,-3.8,8.8,5.2,,,,,-3.9,-10.8,20.9,-3.2,39.1,-94.1,0.0,42.8,-6.4,-27.7,3.9,-59.3,9.3,9.3,0,0,88,105,114,108,109,102,108,110,107,108,108,87,87,69,27,56,59,,33,119.0,51.0,40,111.0,96.0,119.0,108.0,,,,,120,124,129,42.0,99,171,66.0,101,140,164,150,164,10,10,87,87,Bolivia,2020,5.559,Bolivia,2020,1.7733,Americas
17,76,BRA,Brazil,51.2,49.7,50.0,56.6,42.3,38.6,46.1,47.7,45.1,58.9,58.9,65.8,65.8,52.2,78.1,87.3,80.0,100.0,51.8,45.4,86.5,63.1,27.9,24.6,65.5,49.6,8.3,8.3,,,51.7,41.4,66.2,96.5,47.6,53.9,78.1,24.7,43.6,54.0,65.4,42.5,65.0,65.0,49.3,49.3,4.9,7.0,7.5,8.9,8.0,-12.6,7.2,8.1,6.7,7.7,7.7,0,0,3.5,16.9,1.0,0.6,90.0,20.1,-34.1,1.1,-0.5,-1.0,-1.9,6.9,6.9,0.1,0.1,,,0.3,-7.2,27.4,8.0,23.5,-9.8,0.0,-26.3,-1.9,-15.5,-13.5,-17.7,1.2,1.2,0,0,55,66,56,41,83,108,96,96,89,64,64,51,51,53,38,75,88,1.0,29,142.0,63.0,47,120.0,114.0,54.0,89.0,113.0,67.0,,,88,91,88,15.0,116,89,27.0,158,100,100,91,116,17,17,39,39,Brazil,2020,6.11,Brazil,2020,2.1988,Americas
18,72,BWA,Botswana,40.4,20.2,19.7,17.8,20.8,31.4,20.8,21.9,20.1,39.8,39.8,0.7,0.7,53.8,91.6,100.0,100.0,,70.7,96.0,93.4,72.5,66.1,68.9,49.5,34.0,,,,,37.9,10.7,100.0,,100.0,6.6,84.6,100.0,30.5,70.0,95.8,44.2,4.8,4.8,1.0,1.0,-1.1,4.2,3.2,2.4,4.7,-1.1,5.7,6.2,5.4,6.7,6.7,0,0,-4.7,1.4,0.0,0.0,,13.0,-1.5,0.1,-0.7,24.5,28.2,27.0,-42.0,,,,,-18.8,-31.2,0.0,,0.0,-45.1,0.0,55.0,-8.5,18.1,28.7,7.4,-7.4,-7.4,0,0,103,158,168,158,120,137,136,135,137,125,125,130,130,48,1,1,1,,8,19.0,40.0,20,31.0,24.0,107.0,142.0,,,,,128,161,1,,1,168,20.0,1,128,72,52,110,178,178,106,106,Botswana,2019,3.471,Botswana,2020,2.7721,Africa
19,124,CAN,Canada,71.0,91.7,94.8,94.8,100.0,53.0,88.0,83.9,90.8,96.6,96.6,84.7,84.7,57.3,60.5,62.8,67.5,27.0,28.8,81.2,98.2,82.4,30.1,26.7,60.2,61.7,11.0,5.1,20.8,6.5,65.7,59.9,84.4,91.6,58.3,78.2,62.0,50.6,2.7,100.0,100.0,100.0,67.3,67.3,67.4,67.4,3.7,3.3,4.2,7.6,0.0,0.7,2.2,2.9,1.8,5.9,5.9,0,0,4.1,7.0,8.8,6.7,24.2,5.6,-15.2,0.2,0.1,4.4,0.0,33.5,54.8,0.1,-0.3,0.0,0.8,3.5,8.4,-1.2,1.3,-20.9,10.4,0.0,-10.9,2.7,9.3,4.9,13.7,-0.3,-0.3,0,0,20,8,7,8,1,55,24,31,22,6,6,27,27,38,90,106,104,45.0,91,101.0,23.0,1,110.0,101.0,70.0,55.0,89.0,86.0,35.0,39.0,37,33,56,38.0,92,48,54.0,77,168,1,1,1,13,13,28,28,Canada,2020,7.025,Canada,2020,14.1969,Americas
20,756,CHE,Switzerland,81.5,95.0,90.6,87.8,100.0,46.4,100.0,100.0,100.0,95.0,95.0,99.0,99.0,72.5,63.0,44.7,53.3,,69.6,85.8,100.0,52.9,46.4,46.1,65.6,31.6,,,,,81.6,76.0,100.0,93.1,91.9,100.0,71.8,62.0,41.5,100.0,100.0,100.0,47.6,47.6,96.7,96.7,8.6,4.3,7.9,14.3,0.0,0.9,0.0,0.0,0.0,6.6,6.6,0,0,11.5,3.5,4.3,4.7,,14.2,-4.3,0.2,0.0,2.7,3.3,17.4,-22.5,,,,,23.5,16.7,82.3,9.5,-5.6,0.0,0.0,23.4,5.2,0.0,0.0,0.0,-4.1,-4.1,0,0,3,5,9,10,1,75,1,1,1,10,10,6,6,8,82,129,124,,10,81.0,1.0,90,47.0,38.0,53.0,144.0,,,,,5,8,1,31.0,20,1,34.0,47,108,1,1,1,57,57,9,9,Switzerland,2020,7.507999999999999,Switzerland,2020,3.7319,Europe
21,152,CHL,Chile,55.3,63.4,56.1,53.0,59.5,62.1,68.1,70.1,66.7,97.8,97.8,65.7,65.7,49.8,65.3,61.2,44.6,100.0,31.9,88.3,53.1,68.4,27.5,25.2,55.7,41.9,16.6,5.9,19.2,26.1,54.3,43.5,79.8,77.9,100.0,20.0,54.9,46.2,39.2,34.6,50.5,18.7,40.2,40.2,71.9,71.9,3.7,3.7,4.3,1.7,7.8,4.0,3.2,4.3,2.4,5.8,5.8,0,0,3.6,21.0,2.1,2.3,99.6,7.4,-8.3,3.5,-0.1,0.7,-2.2,12.4,41.9,0.9,-1.4,0.0,4.6,3.3,-2.5,11.1,20.8,63.3,-43.6,0.0,0.9,-0.9,-54.0,-49.5,-58.5,-9.1,-9.1,0,0,44,35,42,48,64,35,38,51,32,5,5,53,53,69,75,109,134,1.0,78,68.0,126.0,30,124.0,109.0,85.0,116.0,40.0,81.0,43.0,13.0,79,80,63,113.0,1,153,75.0,95,111,153,125,159,78,78,24,24,Chile,2020,6.151,Chile,2020,4.2462,Americas
22,156,CHN,China,37.3,41.8,27.1,23.4,33.0,20.3,59.4,61.1,58.2,37.6,37.6,51.8,51.8,34.4,19.0,4.6,8.5,1.6,20.2,72.2,10.4,57.6,34.3,32.6,56.1,43.7,18.0,19.8,28.9,3.3,46.3,38.7,39.3,88.9,57.2,38.0,35.7,77.3,27.7,58.6,75.8,41.5,49.5,49.5,9.4,9.4,8.4,5.5,6.7,4.3,8.9,14.7,4.6,5.6,3.8,6.5,6.5,0,0,10.5,-0.8,2.3,4.1,0.2,2.0,-23.9,0.2,-0.1,-0.2,-0.5,12.6,-7.3,1.1,4.4,0.0,-1.4,24.5,37.8,7.3,16.6,17.4,-20.7,0.0,27.1,-9.5,12.3,25.2,-0.5,2.7,2.7,0,0,120,96,137,147,103,169,54,62,45,129,129,66,66,156,172,172,170,85.0,117,126.0,150.0,67,90.0,84.0,83.0,107.0,31.0,18.0,20.0,57.0,103,99,147,92.0,96,126,124.0,21,137,91,75,120,55,55,67,67,China,2020,5.771,China,2020,7.4117,Asia
23,384,CIV,Cote d'Ivoire,25.8,19.4,20.3,25.9,10.6,36.3,17.2,17.7,16.9,44.9,44.9,2.1,2.1,30.1,62.0,100.0,98.1,1.0,45.1,32.3,95.1,49.6,15.7,11.8,46.3,55.2,16.9,10.2,23.6,,20.2,6.6,40.4,,42.6,15.2,44.3,43.5,91.7,31.8,40.4,23.3,32.0,32.0,0.6,0.6,-8.5,1.6,-1.6,-4.2,4.0,-18.3,5.3,5.5,5.2,5.3,5.3,0,0,-15.3,-4.3,0.0,0.0,0.0,13.8,-56.2,0.0,-0.3,-9.9,-14.9,43.1,27.9,0.1,0.2,0.0,,-29.5,-47.3,4.3,,-10.2,-11.1,0.0,-0.6,-3.4,-26.8,-27.6,-26.0,-2.7,-2.7,0,0,176,165,165,141,153,120,145,145,144,106,106,125,125,172,87,1,53,95.0,46,148.0,32.0,107,167.0,162.0,126.0,75.0,35.0,54.0,29.0,,174,169,143,,127,159,99.0,110,15,157,145,151,119,119,114,114,Cote d'Ivoire,2020,5.257000000000001,Cote d'Ivoire,2020,0.3818,Africa
24,120,CMR,Cameroon,33.6,13.6,16.4,16.4,14.7,29.6,7.7,8.3,7.4,36.1,36.1,10.2,10.2,46.9,48.6,57.5,68.0,0.0,27.4,85.3,59.4,63.1,31.5,30.3,47.8,35.8,10.5,,8.8,12.5,66.4,50.5,100.0,100.0,62.4,77.3,25.9,79.7,80.7,39.8,39.1,40.4,40.4,40.4,0.0,0.0,1.5,2.2,-1.1,-4.7,4.8,-10.1,6.3,6.5,6.2,4.4,4.4,0,0,1.0,9.0,13.6,33.4,0.0,6.8,-12.9,2.5,-0.1,-16.9,-18.0,-16.9,2.7,1.5,,0.0,3.3,2.1,-2.3,0.0,0.0,6.2,38.8,0.0,16.9,9.4,-12.2,-18.6,-5.9,1.8,1.8,0,0,139,178,174,163,137,144,169,168,170,139,139,109,109,79,121,114,102,117.0,100,84.0,117.0,47,105.0,93.0,115.0,136.0,95.0,,101.0,21.0,33,62,1,1.0,77,51,139.0,17,32,143,148,124,77,77,134,134,Cameroon,2020,5.2410000000000005,Cameroon,2020,0.2595,Africa
25,178,COG,Republic of Congo,30.8,18.1,20.0,20.0,18.7,30.1,14.6,14.9,14.4,45.1,45.1,0.0,0.0,39.2,71.7,100.0,100.0,17.1,27.6,93.3,88.4,73.3,35.8,36.2,28.3,36.2,11.4,,11.4,,37.1,8.3,100.0,89.5,58.1,0.0,32.9,63.5,68.8,0.0,0.0,0.0,34.3,34.3,0.3,0.3,-1.5,3.4,-0.8,-5.1,6.3,-10.3,9.0,9.1,8.9,4.5,4.5,0,0,-4.8,6.5,16.5,16.3,0.0,5.1,-5.1,0.0,-0.6,-14.1,-16.0,-15.0,21.4,0.0,,0.0,,-9.2,-25.7,0.0,31.6,58.1,-51.8,0.0,25.8,7.0,-25.3,-30.5,-20.0,-0.9,-0.9,0,0,152,168,167,155,127,141,152,152,152,104,104,133,133,130,58,1,1,53.0,97,35.0,58.0,18,83.0,66.0,160.0,134.0,84.0,,88.0,,131,164,1,74.0,94,172,130.0,41,55,179,176,176,110,110,119,119,Congo,2019,5.212999999999999,Congo,2020,0.5648,Africa
26,170,COL,Colombia,52.9,55.0,49.1,50.1,46.0,62.5,55.8,64.6,49.9,61.9,61.9,100.0,100.0,51.6,76.8,83.3,77.3,100.0,52.2,68.9,69.3,56.4,36.4,33.3,62.0,66.6,15.8,17.1,12.6,18.1,55.4,39.1,90.3,81.0,98.2,25.8,70.5,57.2,57.2,52.5,58.5,46.4,22.3,22.3,25.6,25.6,0.9,5.9,6.5,5.6,9.2,-6.0,5.4,7.4,4.0,9.4,9.4,0,0,-2.2,5.9,5.9,3.5,22.0,15.7,-22.4,5.0,-1.8,-2.0,-2.7,-2.7,12.2,6.1,12.9,0.0,5.4,-4.8,-15.9,14.0,27.7,54.3,-74.2,0.0,3.1,-1.9,-44.0,-41.5,-46.6,-0.8,-0.8,0,0,50,52,60,50,77,33,63,59,67,58,58,1,1,57,43,81,93,1.0,28,133.0,102.0,79,80.0,78.0,65.0,47.0,44.0,22.0,75.0,16.0,71,96,41,110.0,16,149,37.0,56,88,106,103,102,148,148,52,52,Colombia,2020,5.709,Colombia,2020,1.7512,Americas
27,174,COM,Comoros,32.1,27.3,37.7,54.7,11.5,60.1,15.2,15.0,15.3,47.1,47.1,0.0,0.0,35.3,36.3,60.0,60.0,0.2,14.1,,,35.6,35.7,32.1,100.0,,18.6,23.8,13.4,,41.7,35.3,25.0,89.5,59.8,53.5,0.0,28.8,100.0,44.5,47.4,41.6,37.3,37.3,0.1,0.1,-1.2,0.9,-1.8,-2.7,2.7,-27.3,3.9,3.9,3.8,4.6,4.6,0,0,-2.7,0.4,0.0,0.0,0.0,2.5,,,0.0,-27.7,-29.3,0.0,,-9.0,-18.0,0.0,,3.9,6.4,-16.2,44.7,-23.6,-11.8,0.0,2.5,0.0,-14.5,-21.7,-7.4,1.0,1.0,0,0,148,131,92,43,147,39,151,151,150,94,94,133,133,147,145,110,112,111.0,134,,,174,84.0,86.0,1.0,,25.0,12.0,72.0,,114,111,169,74.0,88,90,159.0,148,1,126,131,118,96,96,129,129,Comoros,2019,4.609,Comoros,2020,0.2972,Africa
28,188,CRI,Costa Rica,52.5,60.5,56.2,57.4,54.0,61.0,66.1,82.5,55.2,53.8,53.8,64.8,64.8,47.2,70.1,99.0,98.0,23.2,56.2,72.8,88.5,43.4,35.4,34.3,58.3,33.9,10.8,10.4,11.0,10.9,54.8,43.3,63.4,89.6,45.7,86.5,83.2,45.5,63.3,33.6,55.1,12.1,19.4,19.4,9.7,9.7,1.0,3.3,2.8,1.6,5.7,-7.5,4.1,6.0,2.9,5.6,5.6,0,0,-0.5,1.9,0.0,0.1,17.4,8.9,-22.4,0.1,-2.2,4.1,1.4,35.4,21.3,1.3,1.9,0.0,2.0,2.6,10.4,-36.6,16.6,-54.3,76.4,0.0,-6.5,-1.9,-52.9,-22.3,-83.4,1.1,1.1,0,0,52,39,40,40,69,37,42,34,57,77,77,54,54,77,61,51,54,47.0,21,123.0,57.0,155,86.0,74.0,76.0,143.0,91.0,51.0,92.0,23.0,76,81,95,67.0,119,37,22.0,100,71,154,112,167,157,157,66,66,Costa Rica,2019,6.997999999999999,Costa Rica,2020,1.5523,Americas
29,196,CYP,Cyprus,64.8,81.5,73.1,58.8,97.7,34.2,93.9,97.5,91.6,69.4,69.4,77.5,77.5,53.7,56.5,100.0,100.0,0.5,14.6,,,36.4,38.6,37.7,54.9,38.8,20.2,10.4,30.0,,63.1,59.3,56.5,94.6,76.1,100.0,43.5,37.9,31.2,91.5,100.0,83.1,27.7,27.7,50.0,50.0,6.3,5.2,8.3,10.5,6.4,0.6,1.4,2.3,0.9,9.2,9.2,0,0,7.0,0.8,0.0,0.0,0.0,5.9,,,0.2,-2.5,-0.5,20.4,-61.2,3.9,7.9,0.0,,12.5,14.5,-0.3,19.1,6.5,57.8,0.0,-12.6,4.4,26.8,31.2,22.5,7.4,7.4,0,0,31,26,27,36,25,126,19,18,20,40,40,37,37,49,106,1,1,103.0,131,,,173,70.0,63.0,89.0,130.0,20.0,51.0,17.0,,46,36,109,22.0,38,1,104.0,125,127,33,1,45,129,129,38,38,Cyprus,2020,6.26,Cyprus,2020,5.3805,Asia
30,203,CZE,Czech Republic,71.0,68.3,58.8,49.1,74.5,40.7,76.4,93.5,65.0,76.4,76.4,89.5,89.5,72.9,85.7,100.0,100.0,,49.4,87.0,100.0,48.9,26.7,24.0,75.6,26.8,,,,,76.3,73.9,84.7,83.5,99.2,97.0,50.8,60.7,20.4,100.0,100.0,100.0,58.7,58.7,60.8,60.8,4.0,3.8,6.4,8.7,4.6,-3.4,0.4,1.5,-0.3,7.4,7.4,0,0,4.2,0.8,0.0,0.0,,9.4,-2.8,0.0,-0.5,-3.0,-3.2,27.2,-30.1,,,,,9.5,18.0,-11.3,8.5,8.9,11.8,0.0,-14.2,6.1,11.9,0.0,23.8,-10.4,-10.4,0,0,20,32,35,54,48,97,30,23,34,30,30,21,21,7,17,1,1,,36,72.0,1.0,112,128.0,117.0,28.0,148.0,,,,,10,10,55,108.0,15,26,85.0,50,152,1,1,1,29,29,31,31,Czechia,2020,6.897,Czechia,2020,8.215,Europe
31,276,DEU,Germany,77.2,89.6,81.1,70.4,100.0,46.4,99.0,100.0,98.4,90.7,90.7,97.9,97.9,68.9,88.8,100.0,100.0,100.0,56.4,86.1,99.9,45.6,39.7,38.2,65.4,40.2,14.0,4.9,34.5,0.9,71.5,60.6,100.0,94.6,82.4,92.1,69.1,52.2,23.2,96.0,91.9,100.0,61.9,61.9,97.0,97.0,1.2,3.9,6.4,11.6,0.0,-1.0,0.9,0.3,1.4,6.0,6.0,0,0,-0.6,0.7,0.0,0.0,0.0,9.9,-2.2,0.1,-0.6,8.2,8.3,23.0,-8.7,-1.4,-3.9,0.0,0.2,-2.6,-3.3,0.0,4.3,-17.6,-7.9,0.0,-1.4,2.4,-4.0,-8.1,0.0,-3.4,-3.4,0,0,10,15,19,22,1,75,8,1,11,15,15,8,8,12,4,1,1,1.0,20,79.0,16.0,137,68.0,61.0,56.0,124.0,58.0,88.0,12.0,73.0,14,29,1,22.0,28,31,40.0,72,144,28,59,1,25,25,8,8,Germany,2020,7.312,Germany,2020,7.6901,Europe
32,208,DNK,Denmark,82.5,91.7,85.5,78.8,100.0,43.1,97.4,100.0,95.7,100.0,100.0,99.8,99.8,76.4,81.7,85.9,85.9,100.0,34.9,93.4,100.0,44.5,30.2,26.2,72.7,60.6,13.2,5.1,30.2,2.8,95.0,100.0,100.0,100.0,69.7,100.0,61.9,82.8,31.8,100.0,100.0,100.0,73.0,73.0,100.0,100.0,7.3,5.7,8.8,15.7,0.0,2.9,2.5,3.4,1.9,6.4,6.4,0,0,8.4,0.6,0.7,0.7,0.0,5.3,-2.0,0.0,-0.9,4.4,3.8,14.9,5.0,0.6,2.1,0.0,-0.6,19.6,30.6,5.6,17.8,-30.3,0.0,0.0,25.5,13.9,0.0,0.0,0.0,-0.6,-0.6,0,0,1,8,13,15,1,87,13,1,15,1,1,3,3,1,31,77,76,1.0,68,33.0,1.0,146,108.0,105.0,32.0,58.0,62.0,86.0,16.0,62.0,1,1,1,1.0,53,1,56.0,13,126,1,1,1,5,5,1,1,Denmark,2020,7.515,Denmark,2020,4.5224,Europe
33,214,DOM,Dominican Republic,46.3,36.1,37.4,34.8,37.8,63.3,38.9,44.7,35.1,30.0,30.0,5.7,5.7,53.2,81.6,91.5,99.0,100.0,39.6,64.6,87.2,44.1,26.6,23.7,63.4,43.0,21.8,27.4,16.3,,56.1,50.1,59.6,,59.8,91.0,60.6,69.2,59.1,79.3,85.7,72.9,24.2,24.2,5.8,5.8,3.0,0.7,-1.2,-6.4,5.2,4.2,3.0,4.9,1.8,0.6,0.6,0,0,4.6,-0.2,10.3,1.3,0.0,6.1,-31.1,0.4,-0.3,2.1,0.1,29.9,10.2,2.0,4.2,0.0,,4.6,-3.4,9.8,,34.6,54.4,0.0,0.2,0.5,42.3,42.6,41.9,4.8,4.8,0,0,74,104,93,107,96,30,111,104,111,157,157,114,114,51,32,64,46,1.0,57,137.0,61.0,151,129.0,120.0,61.0,110.0,18.0,8.0,56.0,,69,63,103,,88,32,61.0,30,83,57,67,62,142,142,78,78,Dominican Republic,2020,5.167999999999999,Dominican Republic,2020,2.5599,Americas
34,12,DZA,Algeria,44.8,50.4,45.3,21.9,78.9,33.2,53.2,59.6,49.0,38.9,38.9,91.6,91.6,41.0,39.0,43.2,45.9,0.6,7.1,80.7,47.3,75.4,24.0,17.3,69.2,100.0,8.1,1.9,14.3,,52.5,36.6,100.0,90.7,28.4,61.0,28.7,41.0,44.6,61.7,100.0,23.5,44.8,44.8,33.1,33.1,0.5,5.1,7.2,2.0,15.2,-0.1,3.2,5.1,2.0,5.2,5.2,0,0,-2.6,-0.3,0.0,0.1,0.0,3.2,-11.8,5.8,0.0,-8.0,-12.7,69.2,0.0,-15.1,-30.2,0.0,,-5.9,-13.6,3.7,4.2,-12.5,28.6,0.0,-2.8,0.6,10.8,52.5,-30.7,29.9,29.9,0,0,84,61,69,151,40,133,72,70,70,126,126,18,18,115,135,131,131,101.0,159,103.0,132.0,13,141.0,148.0,44.0,1.0,114.0,101.0,70.0,,84,105,1,48.0,154,76,134.0,120,98,84,1,150,67,67,47,47,Algeria,2019,4.745,Algeria,2020,3.5346,Africa
35,218,ECU,Ecuador,51.0,50.2,48.7,46.2,50.0,66.0,50.2,55.7,46.5,63.0,63.0,53.6,53.6,51.5,77.3,91.0,77.4,100.0,47.4,74.3,66.1,48.9,38.3,38.6,36.2,34.4,13.5,9.0,18.0,,60.2,45.7,97.4,89.7,82.0,34.7,55.5,56.1,55.9,28.4,25.2,31.6,29.2,29.2,0.0,0.0,3.9,5.1,4.9,4.2,8.4,-14.1,6.2,8.3,4.7,5.2,5.2,0,0,3.1,4.5,13.3,4.8,0.0,16.2,-20.0,14.4,-1.3,-0.5,0.6,-25.7,4.2,1.6,3.1,0.0,,11.5,16.1,15.9,18.3,17.6,-65.3,0.0,14.7,1.0,-59.7,-67.5,-51.9,4.1,4.1,0,0,56,64,61,66,72,26,81,76,83,55,55,65,65,58,42,65,91,1.0,41,122.0,110.0,112,71.0,57.0,157.0,140.0,61.0,60.0,51.0,,54,73,35,63.0,29,135,73.0,60,90,162,164,140,124,124,134,134,Ecuador,2020,5.354,Ecuador,2020,1.7532,Americas
36,818,EGY,Egypt,43.3,33.8,35.3,0.0,85.0,24.9,36.6,36.7,36.6,13.5,13.5,16.3,16.3,49.7,50.6,75.4,42.4,10.3,10.6,97.0,65.1,77.1,62.5,61.1,100.0,50.6,12.1,9.5,14.7,,55.0,52.9,54.9,93.1,55.8,18.0,21.0,53.4,60.4,56.3,54.3,58.4,53.0,53.0,42.0,42.0,7.7,6.8,6.5,0.0,15.8,2.1,8.5,11.2,6.8,3.4,3.4,0,0,8.3,0.7,0.1,0.0,1.3,6.5,-2.3,0.0,0.0,0.5,1.6,0.0,-17.7,1.4,2.8,0.0,,19.9,23.0,38.3,1.5,21.0,-13.8,0.0,21.1,1.6,-3.6,-21.6,14.5,2.6,2.6,0,0,94,108,103,180,33,161,112,118,108,177,177,102,102,71,119,98,137,58.0,147,12.0,111.0,8,32.0,27.0,1.0,86.0,76.0,57.0,66.0,,74,53,116,31.0,102,154,147.0,68,77,95,115,80,41,41,45,45,Egypt,2020,4.4719999999999995,Egypt,2020,2.0859,Africa
37,724,ESP,Spain,74.3,86.8,80.2,83.3,81.3,37.7,96.8,100.0,94.6,71.3,71.3,89.0,89.0,66.0,87.6,100.0,100.0,100.0,46.7,90.1,98.1,40.8,24.4,21.9,56.9,35.5,17.9,7.3,36.0,9.3,71.2,64.4,86.1,100.0,63.8,100.0,45.4,53.3,35.5,100.0,100.0,100.0,36.2,36.2,91.5,91.5,8.6,4.7,8.0,9.8,6.5,-0.5,1.0,0.0,1.6,6.6,6.6,0,0,11.2,18.2,0.0,0.0,90.0,8.9,-6.9,0.0,0.1,-5.4,-5.9,10.1,-13.6,2.4,4.2,0.0,3.1,15.8,25.2,14.8,9.9,-24.4,0.0,0.0,-4.7,9.0,15.6,0.0,31.2,-2.4,-2.4,0,0,14,18,22,12,37,112,15,1,16,38,38,23,23,13,8,1,1,1.0,42,57.0,25.0,163,137.0,129.0,81.0,137.0,32.0,71.0,11.0,29.0,18,23,50,1.0,73,1,94.0,69,121,1,1,1,100,100,12,12,Spain,2020,6.502000000000001,Spain,2020,4.4683,Europe
38,233,EST,Estonia,65.3,73.0,80.3,95.7,60.2,72.1,61.9,66.1,59.0,87.4,87.4,74.4,74.4,60.1,87.0,100.0,100.0,100.0,31.3,78.2,100.0,60.5,22.4,17.1,63.1,77.7,16.4,36.2,8.3,2.9,59.0,47.5,100.0,90.4,56.4,50.9,52.7,41.1,5.7,96.6,100.0,93.3,51.8,51.8,69.6,69.6,4.3,9.6,17.6,25.1,8.7,6.8,1.3,2.2,0.5,5.9,5.9,0,0,0.7,-1.0,0.0,0.0,0.0,6.8,-16.4,0.0,-0.4,-5.1,-7.7,14.1,22.2,6.8,19.3,0.0,0.3,0.9,-0.5,2.2,16.5,-10.0,13.7,0.0,-18.5,-1.2,10.3,0.0,20.7,-1.0,-1.0,0,0,30,30,21,7,63,21,49,55,44,18,18,43,43,34,12,1,1,1.0,81,108.0,1.0,53,150.0,149.0,62.0,39.0,41.0,1.0,104.0,61.0,59,70,1,52.0,100,97,83.0,119,165,26,1,33,45,45,26,26,Estonia,2020,6.452999999999999,Estonia,2020,7.8795,Europe
39,231,ETH,Ethiopia,34.4,25.2,38.0,58.4,10.5,33.5,10.9,10.6,11.2,35.8,35.8,0.0,0.0,40.6,72.2,82.8,76.5,,26.1,95.5,81.0,56.7,42.2,40.5,53.0,60.3,,,,,26.1,1.5,32.6,89.4,37.3,35.5,40.2,94.8,83.5,23.6,26.1,21.2,53.3,53.3,0.0,0.0,0.2,1.4,-1.7,-5.0,4.1,-11.8,4.8,4.8,4.9,6.2,6.2,0,0,-0.6,0.6,0.0,0.0,,7.5,-2.7,0.0,0.2,-1.9,-3.2,1.6,16.0,,,,,-0.3,-14.1,21.6,21.8,13.7,3.1,0.0,25.6,-2.1,-15.5,-13.7,-17.2,9.2,9.2,0,0,134,137,90,37,155,130,166,166,165,141,141,133,133,118,56,84,94,,104,23.0,79.0,77,58.0,52.0,98.0,60.0,,,,,166,174,155,78.0,137,133,113.0,9,27,166,162,154,40,40,134,134,Ethiopia,2020,4.5489999999999995,Ethiopia,2020,0.1276,Africa
40,246,FIN,Finland,78.9,99.3,98.8,100.0,100.0,75.3,100.0,100.0,100.0,100.0,100.0,97.7,97.7,65.3,75.5,72.8,72.8,100.0,26.4,61.6,99.6,75.8,20.8,18.4,49.0,35.0,12.8,22.9,12.0,2.1,77.0,74.3,100.0,93.3,63.8,75.1,64.5,56.1,18.7,93.1,100.0,86.2,52.4,52.4,100.0,100.0,6.0,3.5,6.7,8.7,3.1,13.1,0.3,0.7,0.0,0.0,0.0,0,0,7.6,-1.2,1.4,1.3,2.5,2.8,-26.3,0.4,-0.4,-2.3,-3.6,-3.2,20.2,2.3,7.5,0.0,-0.8,21.1,27.8,25.5,11.4,17.3,-7.4,0.0,2.7,9.7,-4.5,0.0,-8.9,-4.9,-4.9,0,0,7,1,1,1,1,17,1,1,1,1,1,9,9,15,47,99,99,1.0,102,139.0,17.0,12,157.0,144.0,114.0,139.0,67.0,14.0,80.0,66.0,9,9,1,30.0,73,55,47.0,60,155,31,1,43,43,43,1,1,Finland,2020,7.888999999999999,Finland,2020,7.0907,Europe
41,250,FRA,France,80.0,91.5,88.1,82.2,100.0,58.0,96.2,100.0,93.6,84.0,84.0,94.8,94.8,72.3,88.3,100.0,100.0,100.0,50.2,88.6,100.0,43.8,36.1,33.6,70.6,45.0,12.1,14.4,,9.4,81.9,79.5,100.0,93.9,69.5,100.0,61.3,56.7,36.7,100.0,100.0,100.0,65.2,65.2,88.0,88.0,5.8,6.3,8.3,12.7,3.0,2.1,4.2,5.0,3.6,8.5,8.5,0,0,5.4,0.6,0.0,0.0,0.0,11.2,-5.0,0.0,-0.7,2.2,1.4,16.3,2.5,3.6,4.6,,2.5,12.2,23.5,0.0,3.1,-30.5,0.0,0.0,6.7,5.4,0.0,0.0,0.0,-3.9,-3.9,0,0,5,12,10,13,1,45,16,1,17,20,20,16,16,9,5,1,1,1.0,35,65.0,1.0,152,81.0,77.0,37.0,100.0,76.0,33.0,,28.0,4,6,1,27.0,54,1,59.0,57,117,1,1,1,16,16,16,16,France,2020,6.7139999999999995,France,2020,4.2381,Europe
42,266,GAB,Gabon,45.8,27.9,28.2,16.1,42.2,49.5,27.6,28.4,27.1,54.1,54.1,0.0,0.0,57.8,86.0,89.9,95.2,100.0,30.7,96.6,90.6,71.5,44.7,44.7,42.8,45.2,7.3,5.5,9.1,,63.8,49.6,100.0,89.8,52.7,52.9,42.7,100.0,49.3,90.2,91.0,89.4,20.6,20.6,0.0,0.0,4.4,6.5,5.4,1.2,14.4,-20.3,8.6,9.2,8.3,6.5,6.5,0,0,3.0,20.0,0.1,1.1,95.9,7.8,-2.1,0.0,-0.4,-8.9,-9.6,-21.0,13.8,-7.2,-14.4,0.0,,-6.4,-17.1,0.0,16.7,19.5,-23.0,0.0,21.6,19.3,47.8,55.6,40.0,-4.7,-4.7,0,0,76,127,134,165,84,63,128,129,126,76,76,133,133,37,16,71,63,1.0,85,16.0,49.0,23,50.0,39.0,142.0,99.0,120.0,83.0,98.0,,43,64,1,57.0,107,91,108.0,1,92,36,61,38,153,153,134,134,Gabon,2019,4.914,Gabon,2020,1.9311,Africa
43,826,GBR,United Kingdom,81.3,91.7,84.7,75.4,100.0,64.5,100.0,100.0,100.0,94.6,94.6,92.9,92.9,74.3,88.0,98.4,97.9,100.0,50.7,92.1,100.0,44.7,28.3,24.0,72.8,60.6,8.8,13.1,,3.7,90.0,92.6,100.0,96.9,73.0,100.0,35.5,79.3,35.1,100.0,100.0,100.0,54.3,54.3,98.5,98.5,9.0,3.4,5.5,9.7,0.0,3.7,0.8,0.0,1.3,7.6,7.6,0,0,12.7,19.3,0.1,0.0,94.6,7.5,-1.9,0.0,-1.4,-0.6,-3.8,29.3,26.0,3.5,4.7,,2.0,19.9,35.7,0.0,4.7,-27.0,0.0,0.0,17.1,12.7,0.0,0.0,0.0,-7.6,-7.6,0,0,4,8,14,18,1,29,1,1,1,11,11,17,17,4,6,53,55,1.0,31,43.0,1.0,143,115.0,117.0,31.0,58.0,109.0,38.0,,52.0,2,2,1,14.0,44,1,125.0,18,124,1,1,1,37,37,6,6,United Kingdom,2020,6.797999999999999,United Kingdom,2020,4.8549,Europe
44,268,GEO,Georgia,41.3,38.7,31.1,31.9,29.3,37.5,51.6,50.9,52.2,49.9,49.9,0.0,0.0,43.1,46.2,53.7,53.7,0.0,28.8,95.4,75.8,47.4,78.0,81.5,51.6,41.6,4.4,,5.5,3.2,50.1,35.9,82.3,83.9,40.1,26.5,100.0,45.9,59.5,0.9,0.0,1.8,16.9,16.9,46.6,46.6,-1.3,3.4,4.5,3.5,6.7,-2.4,2.2,3.2,1.7,5.3,5.3,0,0,-4.4,4.4,8.8,9.5,0.0,6.9,-3.6,5.0,-0.3,13.6,17.6,-22.2,-22.5,0.4,,0.0,1.0,-3.1,0.5,2.3,20.7,-25.7,-73.5,0.0,-13.8,-5.7,-99.1,-100.0,-98.2,-15.9,-15.9,0,0,102,102,119,119,108,113,79,91,61,88,88,133,133,104,126,119,122,117.0,91,24.0,91.0,127,25.0,18.0,104.0,119.0,132.0,,119.0,58.0,94,109,59,107.0,130,148,1.0,97,80,177,176,174,163,163,40,40,Georgia,2020,5.122999999999999,Georgia,2020,2.4988,Asia
45,288,GHA,Ghana,27.6,20.1,18.0,17.1,17.8,29.2,20.8,21.5,20.3,55.3,55.3,0.0,0.0,32.6,58.9,78.9,84.3,1.1,38.8,84.5,88.9,48.4,15.4,13.7,43.8,17.0,9.0,6.9,11.2,,29.6,10.6,33.5,89.6,37.7,41.9,44.4,48.4,89.9,31.5,45.1,17.8,41.0,41.0,0.0,0.0,-4.4,1.3,-0.9,-4.4,5.7,-14.6,3.7,4.1,3.4,5.1,5.1,0,0,-8.2,0.3,0.0,0.0,0.0,12.6,-9.2,0.0,-0.3,-13.4,-15.6,30.2,-18.0,-3.7,-7.3,0.0,,-19.6,-22.8,-9.8,-10.4,-13.8,-58.1,0.0,-17.2,-4.2,22.8,32.4,13.1,2.5,2.5,0,0,168,159,169,160,130,146,136,137,136,72,72,133,133,163,99,90,80,94.0,61,89.0,56.0,120,168.0,159.0,136.0,154.0,105.0,76.0,89.0,,159,162,153,67.0,134,120,98.0,88,17,158,135,161,75,75,134,134,Ghana,2020,5.319,Ghana,2020,0.515,Africa
46,324,GIN,Guinea,26.4,18.6,24.7,37.8,6.1,30.0,11.2,11.7,10.9,32.9,32.9,2.5,2.5,31.5,59.9,99.7,88.2,0.0,18.3,83.1,71.6,50.5,11.5,9.4,9.4,50.4,14.4,28.1,11.6,1.7,26.8,30.2,5.2,,19.0,42.0,0.0,36.7,72.7,30.0,18.3,41.6,35.0,35.0,0.0,0.0,-4.2,1.3,-1.3,-2.9,2.1,-10.9,4.6,4.8,4.6,2.5,2.5,0,0,-8.1,-0.8,0.0,0.0,0.0,8.2,-15.3,0.1,-0.7,-22.9,-27.9,-7.5,50.2,3.3,9.2,0.0,0.4,-8.8,-10.5,-4.2,,15.0,-58.0,0.0,15.2,-6.6,-41.0,-81.7,-0.5,-5.5,-5.5,0,0,175,167,151,97,174,142,165,164,166,153,153,123,123,166,93,45,72,117.0,122,97.0,99.0,103,172.0,164.0,166.0,87.0,55.0,6.0,86.0,69.0,163,123,175,,166,119,159.0,129,47,159,169,118,105,105,134,134,Guinea,2019,4.768,Guinea,2020,0.2584,Africa
47,270,GMB,Gambia,27.9,21.4,23.9,32.7,10.5,33.3,19.1,19.6,18.9,37.1,37.1,0.0,0.0,32.1,32.6,23.2,31.7,0.0,30.1,90.1,48.3,47.5,41.1,40.7,33.7,55.6,10.6,,7.5,14.2,35.8,24.0,52.3,,78.9,42.6,57.7,25.6,93.8,53.9,55.9,51.8,36.1,36.1,0.1,0.1,3.6,0.1,-3.4,-6.8,2.1,-10.3,4.5,4.6,4.5,1.2,1.2,0,0,5.7,0.8,0.0,0.0,0.0,13.0,-4.8,0.0,0.1,28.8,28.6,33.7,28.9,5.1,,0.0,11.0,5.0,-5.2,31.9,,45.6,-16.4,0.0,22.6,-1.7,6.2,-8.4,20.7,-3.0,-3.0,0,0,166,148,157,115,155,132,140,141,138,134,134,133,133,165,152,151,143,117.0,86,57.0,131.0,126,62.0,49.0,158.0,72.0,93.0,,109.0,18.0,139,138,124,,34,115,68.0,156,13,101,110,88,101,101,129,129,Gambia,2019,5.164,Gambia,2020,0.2069,Africa
48,300,GRC,Greece,69.1,80.6,67.5,57.6,84.0,43.4,98.2,95.5,100.0,69.4,69.4,83.0,83.0,61.4,72.6,100.0,100.0,40.5,32.1,89.7,86.0,37.2,43.9,42.8,62.9,44.1,15.7,4.5,29.5,12.7,66.5,58.5,88.6,90.3,82.5,80.7,67.5,28.8,27.4,78.9,85.8,72.1,52.6,52.6,81.7,81.7,3.4,4.5,8.1,10.2,5.1,7.1,0.6,1.5,0.0,5.8,5.8,0,0,2.7,0.4,0.0,0.0,0.8,8.4,-7.6,1.6,0.1,11.6,13.3,-9.1,-0.4,-0.9,-3.8,0.0,1.4,2.9,9.3,12.4,-9.7,-17.5,-19.3,0.0,-28.2,6.6,13.4,23.6,3.3,-6.6,-6.6,0,0,25,28,31,39,34,85,11,20,1,40,40,31,31,28,54,1,1,41.0,77,60.0,67.0,170,52.0,44.0,63.0,105.0,46.0,90.0,18.0,20.0,32,39,44,53.0,27,44,42.0,148,138,58,66,65,42,42,18,18,Greece,2020,5.787999999999999,Greece,2020,5.0115,Europe
49,320,GTM,Guatemala,31.8,30.8,34.3,41.2,21.7,59.2,28.2,29.9,27.1,30.6,30.6,16.6,16.6,32.5,41.3,76.6,50.2,0.2,53.4,0.0,56.8,49.4,19.5,18.0,39.6,26.7,15.4,15.0,15.9,,36.7,26.5,43.6,89.6,34.5,0.0,72.1,24.7,76.9,44.8,69.6,20.1,28.7,28.7,6.8,6.8,-0.3,3.6,1.2,-1.5,5.2,-1.1,7.0,7.5,6.7,3.5,3.5,0,0,-2.8,-6.5,0.6,1.4,0.0,8.3,-79.1,3.7,-1.3,-0.6,-0.9,-4.0,8.0,1.0,2.0,0.0,,-5.2,-7.0,-6.0,19.0,4.3,-30.1,0.0,-18.8,-2.3,13.3,47.7,-21.0,3.2,3.2,0,0,149,116,105,87,119,41,126,125,126,156,156,101,101,164,129,95,127,111.0,26,152.0,121.0,108,162.0,147.0,147.0,149.0,47.0,31.0,60.0,,136,132,141,67.0,146,172,32.0,158,38,124,83,156,126,126,73,73,Guatemala,2019,6.2620000000000005,Guatemala,2020,1.0571,Americas
50,340,HND,Honduras,37.8,33.4,35.4,46.9,19.4,35.6,31.8,33.2,30.8,20.7,20.7,40.3,40.3,40.7,59.9,79.9,79.4,39.6,52.4,24.2,75.2,49.3,21.2,16.9,58.5,61.4,17.6,16.5,18.7,,43.1,37.7,62.8,,36.9,33.5,54.2,38.5,74.8,60.9,65.4,56.4,27.5,27.5,3.1,3.1,6.5,1.7,-1.4,-3.7,2.2,-6.9,6.0,6.5,5.6,1.5,1.5,0,0,9.7,2.6,3.7,6.6,30.7,8.3,-64.3,0.5,-0.9,-7.9,-11.6,7.9,44.3,-3.3,-6.6,0.0,,17.7,20.3,43.8,,-1.2,-29.4,0.0,-5.7,0.6,52.1,62.1,42.0,8.8,8.8,0,0,116,111,102,62,126,122,121,122,121,175,175,79,79,117,93,89,90,42.0,27,150.0,93.0,109,155.0,151.0,75.0,56.0,33.0,27.0,45.0,,110,102,97,,139,138,78.0,124,40,85,91,83,131,131,90,90,Honduras,2019,5.93,Honduras,2020,0.9753,Americas
51,191,HRV,Croatia,63.1,61.2,50.8,46.4,58.3,39.0,70.2,80.8,63.1,75.1,75.1,80.0,80.0,64.3,82.6,100.0,100.0,74.9,44.5,88.9,100.0,42.6,40.3,39.0,49.3,55.6,11.8,21.8,3.3,10.1,70.0,59.4,93.2,93.4,100.0,80.7,62.0,49.7,38.9,90.8,100.0,81.7,65.4,65.4,51.7,51.7,13.4,4.6,7.1,8.4,6.2,-0.3,1.8,3.3,0.7,7.3,7.3,0,0,19.2,38.1,38.0,42.1,72.5,17.5,-7.1,65.5,0.0,-4.1,-4.4,-3.8,1.9,2.3,5.1,0.0,1.8,22.4,17.2,55.8,-6.6,74.1,31.3,0.0,-2.4,5.8,6.7,0.0,13.4,9.3,9.3,0,0,34,37,54,64,65,105,36,39,37,33,33,35,35,19,28,1,1,32.0,49,64.0,1.0,160,67.0,56.0,110.0,72.0,79.0,16.0,122.0,25.0,23,35,36,29.0,1,44,54.0,84,112,34,1,47,15,15,36,36,Croatia,2020,6.507999999999999,Croatia,2020,4.1366,Europe
52,348,HUN,Hungary,63.7,54.1,42.8,43.0,43.7,33.5,62.2,64.7,60.5,68.2,68.2,89.2,89.2,70.0,82.0,100.0,100.0,,30.8,88.5,100.0,37.1,28.2,24.7,76.1,43.4,,,,,71.3,66.4,100.0,89.8,23.2,94.2,56.3,52.5,35.8,96.9,93.8,100.0,73.1,73.1,53.8,53.8,3.3,4.1,7.0,9.2,4.4,4.1,0.7,1.9,-0.1,6.2,6.2,0,0,2.7,1.1,0.0,0.0,,12.2,-1.0,0.0,-1.6,-2.1,-4.1,24.4,7.4,,,,,6.7,7.4,20.0,6.3,-18.8,11.7,0.0,-13.0,2.0,8.1,-6.2,22.4,-14.1,-14.1,0,0,33,54,76,81,81,130,48,58,41,47,47,22,22,11,30,1,1,,84,67.0,1.0,172,117.0,113.0,27.0,109.0,,,,,16,20,1,57.0,161,28,72.0,71,119,25,55,1,4,4,35,35,Hungary,2020,6.037999999999999,Hungary,2020,4.9973,Europe
53,360,IDN,Indonesia,37.8,29.0,26.8,28.6,23.3,33.9,28.4,33.9,24.8,34.6,34.6,49.8,49.8,43.7,56.3,66.2,83.3,29.6,20.2,46.8,71.7,66.2,20.3,19.0,43.8,,11.9,11.9,16.3,6.7,54.4,52.1,30.2,100.0,51.0,57.1,41.2,67.6,58.5,40.4,68.3,12.6,51.8,51.8,0.0,0.0,4.1,4.2,2.6,1.0,5.8,-6.7,6.7,9.2,5.0,4.8,4.8,0,0,4.1,-2.1,0.2,0.0,8.4,8.1,-44.8,0.0,-1.4,-3.0,-3.1,-0.9,,-2.3,-6.2,0.0,-0.6,11.6,27.5,-32.2,0.0,1.8,8.2,0.0,20.4,-4.9,3.3,31.5,-24.9,6.4,6.4,0,0,116,122,142,132,116,128,125,121,132,148,148,68,68,98,107,103,83,44.0,117,141.0,98.0,38,159.0,142.0,136.0,,78.0,43.0,56.0,37.0,78,57,160,1.0,109,83,111.0,37,86,139,88,166,45,45,134,134,Indonesia,2019,5.347,Indonesia,2020,2.1552,Asia
54,356,IND,India,27.6,16.3,13.4,10.9,18.6,0.0,19.4,21.4,18.1,21.0,21.0,16.1,16.1,35.2,33.7,28.2,37.0,1.2,8.7,85.9,63.0,46.3,33.8,31.8,47.8,55.0,16.9,17.0,19.9,13.1,45.0,28.1,68.3,91.0,56.8,32.2,40.0,62.2,66.5,37.1,42.4,31.8,34.7,34.7,2.2,2.2,0.0,3.9,0.4,-4.0,6.6,-0.4,8.9,10.5,7.9,3.9,3.9,0,0,-2.5,-0.5,0.1,0.0,0.0,6.8,-12.2,0.0,0.3,-8.1,-9.2,10.4,-8.4,-1.4,-5.3,0.0,1.5,-2.9,-5.9,5.6,1.3,11.2,-25.8,0.0,7.2,-8.6,-8.4,-1.3,-15.5,2.4,2.4,0,0,168,172,179,174,128,179,139,138,141,174,174,103,103,150,148,145,139,88.0,155,80.0,113.0,134,93.0,88.0,115.0,77.0,35.0,23.0,40.0,19.0,106,128,84,45.0,97,141,114.0,44,64,145,140,139,108,108,94,94,India,2020,4.225,India,2020,1.7694,Asia
55,372,IRL,Ireland,72.8,94.2,94.0,91.0,100.0,79.5,97.4,93.5,100.0,82.7,82.7,81.7,81.7,58.6,65.8,82.9,82.9,21.3,43.7,96.9,98.4,45.0,27.4,22.5,71.2,72.6,9.1,11.8,13.1,1.0,66.6,65.1,43.8,92.9,66.2,100.0,91.5,80.4,13.3,100.0,100.0,100.0,47.3,47.3,89.7,89.7,2.9,6.5,10.7,14.3,4.7,19.9,1.7,4.2,0.0,8.4,8.4,0,0,0.6,2.1,0.1,0.1,7.9,7.0,0.0,0.4,-2.3,3.4,1.7,23.4,15.9,1.1,2.8,0.0,0.2,2.9,13.9,-30.5,8.1,-33.8,0.0,0.0,11.8,4.3,10.7,0.0,21.5,-42.7,-42.7,0,0,16,6,8,9,1,15,13,23,1,22,22,32,32,35,73,82,85,48.0,50,15.0,21.0,140,125.0,127.0,36.0,43.0,102.0,45.0,73.0,72.0,31,22,138,33.0,65,1,16.0,16,159,1,1,1,59,59,14,14,Ireland,2020,7.035,Ireland,2020,6.7538,Europe
56,364,IRN,Iran,48.0,48.3,49.2,26.5,82.8,29.4,53.6,60.9,48.7,27.4,27.4,19.0,19.0,47.8,38.4,40.9,35.2,1.2,8.5,95.8,62.6,62.8,88.8,93.2,52.1,45.4,13.8,10.3,20.8,9.6,55.0,42.3,51.5,100.0,67.3,72.8,87.2,86.1,21.8,80.8,99.6,62.0,33.8,33.8,3.7,3.7,9.1,6.4,9.4,6.2,15.2,-3.0,3.7,6.5,1.8,5.6,5.6,0,0,10.9,0.0,0.0,0.0,0.0,2.7,-2.6,0.0,0.1,16.2,17.9,14.4,-14.1,2.9,5.4,0.0,3.2,18.8,14.7,22.4,0.0,67.3,35.9,0.0,46.7,-3.4,36.8,35.5,38.0,-7.1,-7.1,0,0,67,71,59,139,36,145,70,64,72,164,164,97,97,74,137,136,141,88.0,156,21.0,114.0,50,18.0,14.0,100.0,98.0,59.0,53.0,35.0,27.0,74,87,125,1.0,62,57,19.0,12,149,51,46,73,113,113,85,85,Iran,2020,4.865,Iran,2020,8.8702,Asia
57,368,IRQ,Iraq,39.5,39.5,36.3,7.3,75.7,40.0,49.6,55.5,45.8,29.6,29.6,0.0,0.0,39.4,40.5,8.6,49.8,,2.7,98.1,37.2,69.5,91.8,96.3,49.4,54.9,,,,,31.6,8.0,56.0,100.0,62.0,34.5,53.5,33.0,37.0,14.1,7.2,21.1,37.4,37.4,19.5,19.5,0.2,11.2,13.1,6.1,24.1,1.4,11.1,14.4,9.0,4.6,4.6,0,0,-7.3,12.0,5.3,32.2,,2.5,-1.6,21.1,-0.6,35.6,36.8,26.5,25.1,,,,,-26.8,-35.8,-27.2,0.0,-21.1,2.0,0.0,-34.4,-17.1,-56.2,-92.8,-19.5,9.2,9.2,0,0,106,101,97,178,45,101,84,78,87,159,159,133,133,129,131,168,128,,174,7.0,138.0,28,16.0,11.0,109.0,78.0,,,,,151,165,111,1.0,79,136,81.0,142,115,174,173,155,95,95,56,56,Iraq,2020,4.785,Iraq,2020,5.2416,Asia
58,352,ISL,Iceland,72.3,98.1,98.1,100.0,100.0,62.1,100.0,100.0,100.0,96.1,96.1,84.8,84.8,55.0,63.2,75.8,75.8,3.6,47.8,100.0,92.8,81.3,100.0,,100.0,100.0,10.1,2.8,24.0,2.4,60.8,44.9,100.0,92.3,67.6,100.0,,34.4,8.4,44.4,11.6,77.3,18.5,18.5,15.6,15.6,0.4,1.0,0.2,0.0,0.0,4.6,0.9,1.4,0.6,9.7,9.7,0,0,0.0,2.3,1.5,1.5,0.0,16.4,0.0,0.1,0.8,0.0,,0.0,0.0,-0.5,-0.6,0.0,-0.8,5.5,2.4,20.8,1.5,-6.9,29.6,,-6.0,-4.1,-30.5,-57.9,-3.1,-23.1,-23.1,0,0,17,4,4,1,1,35,1,1,1,7,7,26,26,45,80,97,95,75.0,39,1.0,43.0,2,1.0,,1.0,1.0,96.0,98.0,27.0,64.0,53,77,1,35.0,60,1,,137,163,127,170,52,160,160,59,59,Iceland,2020,7.575,Iceland,2020,8.6036,Europe
59,376,ISR,Israel,65.8,83.6,76.5,62.6,100.0,41.3,92.8,91.5,93.6,92.1,92.1,72.2,72.2,54.0,47.6,76.9,51.1,0.3,12.2,76.8,79.6,51.0,40.6,37.0,45.3,100.0,45.5,,45.5,,56.9,57.5,39.3,91.3,58.6,47.7,45.0,62.8,26.7,97.8,95.7,100.0,34.9,34.9,81.7,81.7,5.2,4.5,6.5,8.8,3.6,3.5,2.3,3.1,1.7,7.3,7.3,0,0,5.7,1.0,2.9,6.1,0.0,3.5,-17.2,5.8,0.0,2.7,2.1,15.4,0.0,0.0,,0.0,,8.9,7.2,17.5,2.6,0.5,27.5,0.0,11.6,3.3,35.0,35.8,34.3,-2.4,-2.4,0,0,29,23,25,28,1,93,22,25,17,13,13,47,47,47,122,93,125,110.0,140,112.0,86.0,99,65.0,64.0,129.0,1.0,9.0,,8.0,,64,48,147,42.0,91,104,96.0,42,139,24,53,1,106,106,18,18,Israel,2020,7.195,Israel,2020,6.5104,Asia
60,380,ITA,Italy,71.0,85.5,75.9,68.5,90.4,41.2,98.2,99.2,97.6,81.5,81.5,83.7,83.7,61.3,75.6,100.0,100.0,45.9,41.1,89.1,94.9,39.4,37.9,35.8,71.7,41.9,14.9,0.6,38.0,4.7,68.1,60.0,91.2,91.4,75.7,78.8,41.2,53.3,36.6,81.4,87.8,75.0,56.8,56.8,58.8,58.8,1.1,4.6,7.3,9.6,5.4,-3.5,1.5,2.4,1.0,7.3,7.3,0,0,-1.3,0.3,0.0,0.0,0.1,9.6,-7.0,0.0,0.0,-7.6,-9.2,20.1,-6.3,-0.2,-1.7,0.0,1.2,0.7,7.0,-8.8,-0.2,-24.3,-21.2,0.0,6.1,9.4,-18.6,-12.2,-25.0,0.7,0.7,0,0,20,21,26,24,30,94,11,17,14,25,25,29,29,29,46,1,1,37.0,54,62.0,33.0,166,73.0,67.0,34.0,116.0,49.0,108.0,10.0,46.0,27,32,38,40.0,39,46,111.0,69,118,49,65,57,34,34,33,33,Italy,2020,6.4879999999999995,Italy,2020,5.0249,Europe
61,388,JAM,Jamaica,48.2,45.5,43.6,43.7,42.7,49.5,49.3,52.4,47.2,48.9,48.9,31.7,31.7,50.0,58.2,84.7,96.6,1.5,39.3,53.5,80.7,42.8,35.2,34.4,49.2,35.9,4.7,0.7,8.7,,65.7,60.1,70.1,89.7,79.7,83.3,56.9,42.8,59.3,78.6,76.2,80.9,22.4,22.4,3.0,3.0,2.0,-0.1,0.2,-3.3,4.8,0.9,-0.5,0.4,-1.2,2.2,2.2,0,0,3.4,-3.8,0.0,0.0,0.0,6.0,-42.6,0.0,-1.3,5.2,4.7,14.0,5.7,-1.1,-2.3,0.0,,3.4,6.5,-4.5,17.3,-19.0,18.8,0.0,-27.9,7.1,46.9,76.2,17.6,5.1,5.1,0,0,66,83,73,77,82,63,86,85,78,89,89,85,85,65,101,80,60,87.0,58,140.0,81.0,158,87.0,72.0,112.0,135.0,131.0,105.0,102.0,,37,31,79,63.0,31,40,71.0,113,82,60,74,48,147,147,91,91,Jamaica,2019,6.309,Jamaica,2020,2.509,Americas
62,400,JOR,Jordan,53.4,58.6,58.0,29.1,100.0,40.4,62.6,75.2,54.2,46.7,46.7,43.1,43.1,49.9,32.2,13.4,10.6,,10.9,92.1,38.7,68.0,78.9,79.6,46.0,100.0,,,,,58.4,59.1,40.1,89.3,37.6,67.7,45.8,55.4,68.7,69.0,37.9,100.0,25.0,25.0,18.6,18.6,11.2,7.0,7.6,6.3,9.6,5.3,7.2,15.3,1.9,6.0,6.0,0,0,13.9,4.7,9.2,5.8,,2.6,-7.0,11.6,0.3,12.9,17.4,-54.0,0.0,,,,,24.6,31.1,3.1,37.0,4.0,62.8,0.0,-9.0,14.8,4.0,-30.3,38.1,0.8,0.8,0,0,48,44,36,131,1,99,47,46,59,95,95,76,76,66,154,166,168,,143,43.0,137.0,31,23.0,20.0,127.0,1.0,,,,,62,37,146,85.0,135,61,93.0,63,56,74,151,1,139,139,57,57,Jordan,2020,4.093999999999999,Jordan,2020,2.498,Asia
63,392,JPN,Japan,75.1,90.3,85.9,78.0,100.0,60.2,95.0,100.0,91.6,100.0,100.0,86.5,86.5,65.1,76.6,100.0,100.0,71.5,28.3,68.6,69.1,56.9,41.7,42.9,19.6,41.0,35.2,1.1,93.5,7.0,69.5,57.6,100.0,87.6,100.0,100.0,65.1,36.2,23.0,77.7,56.4,99.0,55.9,55.9,75.3,75.3,-0.5,0.4,0.1,-1.6,1.9,3.8,0.9,0.0,1.5,0.0,0.0,0,0,-0.9,-1.2,0.0,0.0,5.7,2.8,-28.6,2.5,-0.1,-1.2,-0.8,-10.9,1.3,-1.8,-3.7,0.0,-1.6,1.9,5.1,0.0,-6.8,0.0,0.0,0.0,-5.3,0.7,-22.3,-43.6,-1.0,0.4,0.4,0,0,12,14,12,17,1,38,17,1,20,1,1,25,25,16,44,1,1,33.0,94,134.0,104.0,75,59.0,43.0,163.0,123.0,11.0,104.0,4.0,36.0,24,47,1,99.0,1,1,46.0,132,146,63,108,29,35,35,23,23,Japan,2020,6.117999999999999,Japan,2020,8.1499,Asia
64,398,KAZ,Kazakhstan,44.7,40.8,32.0,26.6,40.7,22.0,55.1,54.0,55.8,52.8,52.8,2.2,2.2,47.3,41.6,18.7,24.2,,4.4,97.2,80.3,64.8,68.4,69.5,49.9,67.7,,,,,44.6,47.0,0.0,91.8,54.6,37.6,100.0,47.7,2.1,75.2,100.0,50.4,45.6,45.6,28.6,28.6,9.0,5.2,6.6,5.9,9.0,-4.1,3.4,4.7,2.5,11.2,11.2,0,0,11.5,0.8,1.9,1.1,,1.1,-1.8,0.0,0.8,19.2,20.5,8.5,7.7,,,,,18.4,30.0,-20.3,34.4,49.4,-20.2,0.0,3.2,-2.8,10.1,41.3,-21.1,6.3,6.3,0,0,85,97,115,138,85,167,66,82,54,78,78,124,124,76,128,158,152,,169,11.0,83.0,44,28.0,23.0,106.0,46.0,,,,,108,71,177,36.0,105,127,1.0,91,170,68,1,91,64,64,51,51,Kazakhstan,2020,6.167999999999999,Kazakhstan,2020,15.5158,Asia
65,404,KEN,Kenya,34.7,25.7,34.9,49.9,13.9,39.2,13.6,13.7,13.6,50.6,50.6,5.5,5.5,40.6,53.5,69.9,67.5,4.0,26.2,85.3,84.1,56.5,31.1,27.8,53.2,68.9,8.6,5.2,12.1,,49.0,33.8,63.7,90.2,60.7,30.9,66.5,70.1,84.3,36.8,42.1,31.5,35.9,35.9,0.5,0.5,0.0,4.0,2.2,3.8,3.2,-22.3,6.5,6.6,6.5,6.3,6.3,0,0,-2.8,0.8,0.6,6.3,0.5,4.1,-11.7,0.0,0.4,1.0,1.0,5.3,-3.5,0.8,1.8,0.0,,-5.4,-31.4,40.5,14.2,40.3,-8.6,0.0,53.2,3.7,-19.2,-20.3,-18.0,-1.6,-1.6,0,0,132,135,104,51,140,104,155,157,155,86,86,115,115,118,113,100,104,73.0,103,84.0,72.0,78,106.0,98.0,96.0,44.0,110.0,84.0,77.0,,97,115,93,54.0,84,144,44.0,29,26,146,142,141,102,102,116,116,Kenya,2020,4.547,Kenya,2020,0.3003,Africa
66,417,KGZ,Kyrgyzstan,39.8,33.7,27.0,27.9,26.8,19.1,45.5,42.9,47.2,40.8,40.8,0.0,0.0,43.8,39.2,20.7,22.3,,20.6,93.4,55.1,58.7,91.1,93.6,47.1,,,,,,42.5,34.1,46.2,89.6,33.8,0.0,100.0,39.2,68.1,18.1,36.1,0.0,52.4,52.4,0.2,0.2,-1.9,4.9,5.7,4.5,7.7,4.5,4.5,4.2,4.6,6.1,6.1,0,0,-6.6,0.0,0.2,0.1,,2.2,-3.3,0.0,0.4,21.9,22.8,8.2,,,,,,-10.6,-9.1,-19.7,19.6,-23.9,-65.8,0.0,0.1,-4.6,-69.3,-38.7,-100.0,-7.0,-7.0,0,0,105,109,138,135,111,170,97,109,78,122,122,133,133,96,134,154,155,,116,33.0,124.0,59,17.0,13.0,123.0,,,,,,112,114,134,67.0,149,172,1.0,123,59,170,154,176,43,43,126,126,Kyrgyzstan,2020,6.25,Kyrgyzstan,2020,1.7639,Asia
67,116,KHM,Cambodia,33.6,30.5,30.1,43.2,11.2,37.4,34.2,35.8,33.2,35.0,35.0,0.0,0.0,35.6,60.1,100.0,100.0,0.0,31.0,26.4,94.2,49.1,19.0,13.8,51.0,80.8,11.3,5.2,18.6,9.9,30.9,11.7,77.3,,72.9,0.0,12.6,79.2,73.8,45.4,41.4,49.4,59.0,59.0,0.0,0.0,-0.2,4.4,2.6,2.4,3.5,-2.1,7.2,8.5,6.4,3.6,3.6,0,0,-3.3,-3.5,0.0,0.0,0.0,19.1,-53.4,0.0,-1.0,-4.6,-7.7,31.1,16.0,-10.0,-27.3,0.0,-1.5,-0.3,-9.2,32.8,,43.6,-47.8,0.0,1.6,-1.9,-24.6,1.5,-50.6,9.0,9.0,0,0,139,118,125,79,151,114,118,119,115,145,145,133,133,145,92,1,1,117.0,82,149.0,37.0,110,163.0,158.0,105.0,38.0,85.0,84.0,47.0,26.0,154,159,68,,45,172,153.0,19,44,123,144,96,28,28,134,134,Cambodia,2020,4.377,Cambodia,2020,0.9167,Asia
68,410,KOR,South Korea,66.5,81.4,71.7,53.8,100.0,41.7,90.7,100.0,84.4,89.4,89.4,96.7,96.7,56.6,62.6,88.2,88.2,17.2,16.0,78.6,90.1,54.2,32.2,32.8,11.3,42.1,12.6,23.0,11.6,1.5,62.6,45.5,100.0,100.0,81.5,100.0,36.5,44.8,15.9,100.0,100.0,100.0,51.7,51.7,76.8,76.8,2.2,2.3,1.9,2.0,2.6,-6.6,2.2,2.9,1.6,11.3,11.3,0,0,2.1,0.4,2.2,2.2,2.8,2.4,-12.9,0.5,-0.3,-7.7,-7.6,-20.2,3.9,0.6,2.9,0.0,-1.3,4.0,3.7,24.2,0.9,-18.5,0.0,0.0,-12.2,-4.4,19.6,0.0,39.1,1.4,1.4,0,0,28,27,28,45,1,91,23,1,26,16,16,13,13,39,84,73,72,52.0,128,107.0,52.0,84,100.0,81.0,165.0,115.0,70.0,13.0,86.0,70.0,50,75,1,1.0,30,1,122.0,106,158,1,1,1,47,47,21,21,South Korea,2020,5.792999999999999,South Korea,2020,11.6562,Asia
69,414,KWT,Kuwait,53.6,57.3,55.0,24.2,98.7,44.1,67.4,82.9,57.0,56.8,56.8,0.0,0.0,51.2,66.0,98.4,98.4,1.2,9.2,91.6,92.9,70.2,48.4,,,48.4,14.9,,14.9,,49.7,48.1,60.8,91.5,33.8,7.3,,33.2,0.0,81.7,91.1,72.2,44.9,44.9,43.1,43.1,12.8,4.5,6.4,4.4,10.1,-1.5,2.2,4.9,0.3,7.6,7.6,0,0,18.4,33.6,80.7,80.7,1.2,4.7,-5.4,11.1,0.0,23.8,,,23.8,0.0,,0.0,,13.5,17.1,18.0,8.9,33.8,-19.5,,-11.4,0.0,67.8,91.1,44.4,-22.7,-22.7,0,0,47,46,45,144,23,82,39,32,51,69,69,133,133,60,71,53,50,88.0,152,47.0,42.0,26,45.0,,,91.0,49.0,,64.0,,95,69,101,39.0,149,166,,141,172,48,60,64,66,66,43,43,Kuwait,2019,6.106,Kuwait,2020,20.8251,Asia
70,418,LAO,Laos,34.8,27.2,27.8,41.3,9.4,26.0,26.5,27.3,26.0,34.7,34.7,18.7,18.7,39.9,69.7,93.6,96.8,,29.6,6.4,83.3,57.6,16.6,13.6,43.0,44.6,,,,,30.7,17.7,43.4,,36.4,68.8,16.4,76.1,77.3,21.3,40.3,2.4,69.2,69.2,0.0,0.0,-2.8,5.6,3.3,3.2,4.0,-0.8,8.9,9.6,8.5,5.6,5.6,0,0,-8.3,-8.1,0.0,0.0,,15.9,-79.4,0.0,-0.7,-15.5,-15.2,-32.8,-2.1,,,,,-6.0,-7.8,-6.0,,4.7,-4.0,0.0,-2.9,-4.5,-41.9,-59.7,-24.0,12.1,12.1,0,0,130,132,135,86,161,158,131,131,130,146,146,98,98,126,62,61,58,,88,151.0,75.0,67,165.0,160.0,139.0,101.0,,,,,155,153,142,,141,59,150.0,24,36,168,146,172,9,9,134,134,Laos,2020,5.284,Laos,2020,4.6521,Asia
71,422,LBN,Lebanon,45.4,53.1,47.8,25.0,80.3,38.7,59.7,79.4,46.6,43.6,43.6,61.4,61.4,40.3,21.8,15.1,15.1,0.0,13.5,84.6,25.7,34.2,36.6,33.1,100.0,,14.2,,14.2,,56.8,63.4,36.0,,34.0,58.0,61.2,63.7,63.9,67.1,63.1,71.1,34.1,34.1,38.2,38.2,1.1,6.6,8.3,3.9,14.7,5.6,5.0,10.0,1.7,7.7,7.7,0,0,-2.5,-0.2,2.0,2.0,0.0,4.1,-13.8,0.1,-0.1,5.6,0.9,91.0,,0.0,,0.0,,-5.5,-1.5,3.7,,-44.0,-42.0,0.0,-9.2,4.4,-4.4,-24.2,15.4,-14.3,-14.3,0,0,78,55,65,143,39,106,53,42,81,110,110,56,56,122,168,162,162,117.0,136,88.0,145.0,175,79.0,79.0,1.0,,57.0,,71.0,,66,25,152,,148,80,60.0,40,68,77,99,66,111,111,46,46,Lebanon,2019,4.024,Lebanon,2020,3.8048,Asia
72,430,LBR,Liberia,22.6,21.3,30.9,43.7,11.4,45.7,9.8,10.5,9.4,37.3,37.3,0.0,0.0,23.6,32.6,21.3,55.7,1.0,17.2,42.0,53.7,57.2,14.6,11.2,36.9,53.4,10.6,16.0,11.7,3.1,24.9,6.9,29.7,89.3,35.0,38.6,3.4,28.5,100.0,32.7,48.9,16.6,26.2,26.2,0.0,0.0,-3.7,1.0,-3.9,-7.5,3.0,-20.4,6.7,7.0,6.6,3.7,3.7,0,0,-6.7,-2.1,0.0,0.0,0.0,3.5,-22.9,0.0,-1.5,-19.0,-24.4,15.4,43.8,0.1,-1.1,0.0,1.6,-8.8,-31.4,24.8,29.5,13.5,-0.6,0.0,22.9,0.0,-13.4,-8.0,-18.7,-2.1,-2.1,0,0,180,149,121,77,149,77,167,167,167,132,132,133,133,180,152,152,118,95.0,125,145.0,125.0,69,169.0,163.0,154.0,84.0,93.0,28.0,83.0,59.0,167,168,163,85.0,144,125,157.0,150,1,156,128,163,136,136,134,134,Liberia,2019,5.121,Liberia,2020,0.1995,Africa
73,144,LKA,Sri Lanka,39.0,42.1,37.8,44.8,27.3,44.0,48.4,51.1,46.6,72.4,72.4,4.4,4.4,36.9,61.1,90.7,98.2,0.7,41.6,72.8,70.9,46.1,37.8,34.1,40.7,100.0,11.3,12.0,14.8,6.3,31.0,1.6,100.0,,97.6,59.5,23.7,31.9,80.2,53.1,64.5,41.8,33.2,33.2,0.0,0.0,-0.6,4.2,4.1,5.4,5.2,-19.4,4.4,6.0,3.4,7.6,7.6,0,0,-3.9,1.3,2.4,0.4,0.1,25.8,-20.8,3.2,-1.3,-6.2,-7.7,13.2,0.0,-5.8,-13.2,0.0,-3.8,-12.5,-28.8,27.1,,46.2,8.6,0.0,-37.4,-14.1,36.9,64.3,9.6,3.1,3.1,0,0,109,95,91,72,110,83,88,89,81,36,36,119,119,139,89,68,52,100.0,53,123.0,100.0,135,74.0,75.0,143.0,1.0,85.0,42.0,65.0,41.0,153,173,1,,17,77,144.0,144,33,104,96,117,115,115,134,134,Sri Lanka,2019,4.213,Sri Lanka,2020,0.9857,Asia
74,426,LSO,Lesotho,28.0,11.8,15.3,18.8,10.0,18.9,7.2,7.4,7.1,25.0,25.0,0.0,0.0,38.8,22.5,1.4,1.4,,10.6,94.3,26.2,43.5,47.3,44.0,54.0,100.0,,,,,52.4,42.6,78.1,,89.1,47.0,26.7,54.4,70.5,44.0,43.3,44.7,27.4,27.4,0.3,0.3,-1.0,2.2,1.0,0.3,3.2,-8.2,3.6,3.7,3.5,3.7,3.7,0,0,-3.1,0.2,0.0,0.0,,5.1,-3.3,0.0,-0.3,-12.5,-14.7,14.3,0.0,,,,,-2.7,-5.3,17.0,,17.1,-53.0,0.0,-3.7,-3.4,-12.1,-50.6,26.5,1.7,1.7,0,0,165,180,175,156,159,171,171,171,171,168,168,133,133,131,166,177,177,,147,30.0,143.0,154,46.0,41.0,93.0,1.0,,,,,86,85,67,,21,105,137.0,66,50,130,138,108,133,133,119,119,Lesotho,2019,3.512,Lesotho,2020,1.0192,Africa
75,440,LTU,Lithuania,62.9,63.2,62.7,60.5,64.7,70.5,58.3,59.9,57.2,83.9,83.9,87.8,87.8,62.7,87.5,99.4,99.4,100.0,33.7,90.7,100.0,53.2,24.6,21.4,64.4,41.9,14.5,,19.0,9.2,65.9,55.2,100.0,80.4,93.6,72.1,51.9,45.2,24.9,96.6,97.3,95.9,64.1,64.1,51.4,51.4,5.2,8.0,14.5,19.2,8.4,11.3,1.0,2.1,0.2,8.3,8.3,0,0,3.3,4.3,0.4,0.4,21.8,5.6,-7.1,0.0,-0.5,-3.5,-2.9,3.8,-22.5,1.2,,0.0,2.6,5.0,1.9,0.0,12.2,37.4,37.1,0.0,-19.2,-4.9,1.5,-2.7,5.7,8.4,8.4,0,0,35,36,33,34,55,22,57,68,49,21,21,24,24,25,9,47,43,1.0,73,54.0,1.0,87,135.0,130.0,59.0,116.0,53.0,,44.0,30.0,34,51,1,111.0,19,58,84.0,101,141,26,48,31,20,20,37,37,Lithuania,2020,6.391,Lithuania,2020,5.0691,Europe
76,442,LUX,Luxembourg,82.3,92.6,87.2,81.4,100.0,48.2,98.6,100.0,97.7,96.1,96.1,96.2,96.2,75.4,85.5,100.0,100.0,,64.6,,,48.5,34.3,30.7,100.0,,,,,,77.5,78.7,81.7,91.7,67.5,100.0,16.8,75.7,7.3,100.0,100.0,100.0,42.2,42.2,98.5,98.5,11.6,5.8,9.0,14.3,2.5,3.1,2.0,1.6,2.4,10.8,10.8,0,0,15.5,2.1,0.0,0.0,,13.6,,,-0.6,3.0,0.5,48.4,,,,,,29.3,50.6,-18.3,12.3,24.8,0.0,0.0,31.4,7.3,31.2,0.0,62.3,-4.0,-4.0,0,0,2,7,11,14,1,68,9,1,12,7,7,15,15,2,18,1,1,,16,,,117,90.0,90.0,1.0,,,,,,7,7,61,37.0,61,1,148.0,25,164,1,1,1,73,73,6,6,Luxembourg,2019,7.404,Luxembourg,2020,13.059000000000001,Europe
77,428,LVA,Latvia,61.6,58.0,54.8,53.2,55.2,69.8,59.0,61.1,57.5,78.4,78.4,61.4,61.4,64.0,86.7,100.0,100.0,100.0,31.9,75.9,100.0,59.4,21.4,18.2,43.2,58.2,7.3,3.5,14.4,3.5,67.7,65.8,70.9,90.2,48.7,96.7,62.5,41.7,35.3,94.8,100.0,89.7,62.8,62.8,90.7,90.7,5.0,7.4,13.0,19.1,5.9,3.8,1.3,2.1,0.7,7.8,7.8,0,0,3.3,-1.3,0.0,0.0,0.0,5.3,-18.1,0.0,-0.3,-2.6,-1.7,-10.6,-8.1,-6.6,-19.4,0.0,0.6,10.5,17.6,-29.1,26.8,-12.3,74.6,0.0,-11.3,-4.3,0.1,0.0,0.2,8.5,8.5,0,0,36,45,46,47,67,23,56,62,48,27,27,56,56,20,14,1,1,1.0,78,116.0,1.0,55,154.0,146.0,138.0,64.0,120.0,93.0,69.0,55.0,29,21,78,54.0,113,27,53.0,117,122,29,1,36,24,24,13,13,Latvia,2020,6.229,Latvia,2020,3.5907,Europe
78,504,MAR,Morocco,42.3,33.3,27.0,14.0,44.6,30.0,40.8,47.2,36.6,28.9,28.9,39.6,39.6,48.3,67.4,100.0,100.0,0.5,45.8,80.7,95.7,51.1,40.8,35.8,70.3,100.0,16.7,22.9,23.0,1.9,48.7,47.0,56.0,,50.1,37.6,36.7,50.2,69.9,80.5,97.0,64.0,38.9,38.9,5.4,5.4,13.3,5.6,3.7,-2.1,13.2,-6.8,8.9,11.3,7.4,3.0,3.0,0,0,18.4,43.2,87.7,89.8,0.0,17.5,-12.1,71.5,0.2,5.6,2.4,67.0,0.0,1.1,3.0,0.0,-0.2,11.9,20.2,-6.2,,12.8,-10.3,0.0,9.4,-2.3,26.0,38.1,13.8,16.9,16.9,0,0,100,112,138,167,80,142,107,99,108,161,161,81,81,73,68,1,1,103.0,45,103.0,29.0,98,64.0,67.0,40.0,1.0,38.0,14.0,31.0,68.0,99,71,111,,111,127,121.0,81,52,53,49,71,89,89,80,80,Morocco,2020,4.803,Morocco,2020,1.7484,Africa
79,498,MDA,Moldova,44.4,45.6,44.3,41.7,46.8,53.4,50.0,48.9,50.6,54.7,54.7,13.8,13.8,43.6,27.9,20.9,22.1,,14.5,80.6,2.5,40.2,45.8,39.8,100.0,100.0,,,,,52.2,43.0,82.3,86.9,0.0,54.3,36.9,43.4,67.4,76.1,52.2,100.0,50.8,50.8,9.0,9.0,-2.3,8.2,14.3,17.1,10.3,15.6,1.5,1.7,1.3,7.7,7.7,0,0,-9.3,0.3,0.0,0.0,,5.4,-0.7,0.0,-1.7,-11.4,-17.6,38.4,50.5,,,,,-14.4,-12.8,-17.7,20.6,-83.5,-19.9,0.0,-30.6,-5.2,-23.9,-47.8,0.0,-7.4,-7.4,0,0,87,82,71,85,76,53,82,95,65,73,73,104,104,99,160,153,156,,133,105.0,154.0,164,48.0,54.0,1.0,1.0,,,,,87,83,59,102.0,174,88,120.0,112,61,66,119,1,49,49,68,68,Moldova,2020,5.812,Moldova,2020,1.2759,Europe
80,450,MDG,Madagascar,26.5,22.1,36.1,56.4,7.4,41.5,5.9,5.7,6.0,33.0,33.0,0.6,0.6,29.4,25.0,32.3,29.1,7.0,17.4,0.0,48.6,46.7,14.6,9.2,70.2,55.5,11.8,13.7,9.9,,39.9,12.6,86.1,89.7,67.1,49.9,26.1,47.8,89.4,40.5,41.6,39.4,50.5,50.5,0.0,0.0,-6.6,1.0,-2.0,-3.0,2.4,-26.1,4.5,4.5,4.5,4.4,4.4,0,0,-11.7,-4.5,5.1,8.2,5.1,3.8,-86.2,0.0,0.3,-12.6,-16.0,28.8,6.6,-7.6,-15.3,0.0,,-19.7,-45.6,25.1,13.5,9.5,-10.7,0.0,2.9,7.9,-17.5,-35.6,0.7,3.9,3.9,0,0,174,145,99,42,165,92,174,175,174,152,152,132,132,174,163,140,146,68.0,124,152.0,130.0,132,169.0,165.0,41.0,74.0,79.0,36.0,96.0,,121,158,50,63.0,63,100,138.0,90,19,138,143,126,51,51,134,134,Madagascar,2019,4.3389999999999995,Madagascar,2020,0.1329,Africa
81,484,MEX,Mexico,52.6,47.5,40.8,42.2,39.5,36.4,52.8,57.2,49.8,45.7,45.7,74.3,74.3,55.9,72.9,80.4,85.2,100.0,21.2,67.7,51.8,57.1,32.5,29.8,68.0,46.9,12.8,7.3,18.4,,65.2,59.5,69.0,100.0,53.2,81.3,61.9,57.9,39.3,71.4,65.5,77.2,38.8,38.8,31.6,31.6,7.4,2.8,2.0,-0.1,4.5,4.9,4.3,4.7,4.0,3.0,3.0,0,0,10.3,19.3,5.3,7.1,88.8,13.1,-26.0,3.6,-0.2,0.0,-2.9,7.5,45.5,-2.3,-4.5,0.0,,13.7,15.0,-7.2,25.8,23.0,17.3,0.0,38.6,2.2,5.0,-12.3,22.1,1.0,1.0,0,0,51,75,83,83,90,119,73,74,69,101,101,44,44,41,53,87,77,1.0,114,136.0,128.0,72,98.0,94.0,48.0,94.0,67.0,71.0,49.0,,41,34,83,1.0,106,41,56.0,54,110,69,90,55,90,90,48,48,Mexico,2020,5.9639999999999995,Mexico,2020,2.7686,Americas
82,807,MKD,North Macedonia,55.4,43.6,26.5,18.3,34.5,53.6,61.1,65.4,58.1,46.7,46.7,72.1,72.1,63.2,62.1,51.4,70.5,,36.6,76.4,93.3,46.5,42.3,42.0,70.5,19.9,,,,,75.2,81.0,56.1,95.4,70.6,58.9,67.6,68.5,44.3,100.0,100.0,100.0,40.9,40.9,0.9,0.9,2.2,4.0,5.7,5.3,4.8,16.7,2.4,3.6,1.5,4.6,4.6,0,0,0.9,-0.2,0.1,0.1,,13.2,-15.2,0.1,-0.4,7.9,8.6,16.1,-12.4,,,,,-1.6,6.0,-14.7,19.5,-29.4,-41.1,0.0,-24.0,3.6,22.0,30.3,13.6,-6.6,-6.6,0,0,43,89,145,157,101,52,51,57,46,95,95,48,48,23,86,122,100,,65,114.0,41.0,133,57.0,45.0,38.0,153.0,,,,,11,5,110,19.0,50,79,41.0,31,99,1,1,1,76,76,108,108,North Macedonia,2020,5.053999999999999,North Macedonia,2020,3.4302,Europe
83,466,MLI,Mali,29.4,19.5,29.2,45.6,6.8,28.7,8.2,8.3,8.2,32.5,32.5,0.0,0.0,36.0,59.6,39.9,68.0,,11.4,97.0,84.6,67.9,23.4,19.3,58.1,63.7,,,,,26.3,20.6,30.4,,25.6,44.2,25.1,36.8,73.0,49.9,52.0,47.7,43.4,43.4,0.0,0.0,-3.3,0.9,-1.8,-3.0,1.7,-16.8,4.5,4.5,4.5,1.6,1.6,0,0,-6.1,1.3,1.2,0.8,,6.0,-1.5,1.9,-0.3,-9.3,-10.6,15.6,-11.0,,,,,-12.8,-21.5,11.5,,3.2,-19.7,0.0,-10.4,-2.1,1.3,-5.6,8.1,3.6,3.6,0,0,160,164,128,69,170,149,168,168,168,155,155,133,133,143,95,137,102,,142,12.0,69.0,32,144.0,141.0,78.0,52.0,,,,,165,148,159,,159,113,140.0,128,46,111,120,100,70,70,134,134,Mali,2019,4.988,Mali,2020,0.1674,Africa
84,470,MLT,Malta,70.7,86.1,77.6,66.6,97.1,42.5,99.8,99.5,100.0,50.6,50.6,96.7,96.7,60.5,75.1,100.0,100.0,78.1,14.1,,,30.4,100.0,100.0,100.0,,12.2,16.7,7.8,,62.6,52.8,100.0,85.8,65.0,20.7,53.4,68.1,35.6,80.8,100.0,61.6,28.3,28.3,0.0,0.0,11.6,6.1,10.1,13.0,7.7,-1.6,1.6,3.9,0.0,7.7,7.7,0,0,15.4,20.0,0.0,0.0,77.6,4.2,,,0.1,61.5,64.9,0.0,,-7.0,-13.9,0.0,,13.7,10.9,65.9,8.8,-10.7,-79.3,0.0,26.3,2.1,-0.9,36.6,-38.4,-9.9,-9.9,0,0,23,19,23,25,27,88,7,16,1,86,86,13,13,30,48,1,1,31.0,134,,,179,1.0,1.0,1.0,,75.0,25.0,107.0,,50,55,1,106.0,72,152,82.0,34,120,51,1,74,127,127,134,134,Malta,2020,6.157,Malta,2020,3.6121,Europe
85,104,MMR,Myanmar,25.1,24.6,20.7,27.0,12.3,18.3,30.8,32.3,29.9,38.2,38.2,0.0,0.0,25.4,31.0,31.4,15.5,3.6,16.7,67.9,69.3,54.8,25.9,23.4,55.1,41.2,9.4,12.6,9.5,5.7,22.2,0.0,65.0,,28.4,62.1,12.2,73.2,70.6,50.7,51.8,49.6,53.7,53.7,0.0,0.0,-1.2,5.9,3.8,3.7,4.5,-0.3,9.0,10.0,8.5,6.7,6.7,0,0,-6.0,2.3,11.1,4.4,0.0,11.1,-24.8,5.6,-0.1,-10.4,-12.8,20.2,1.9,-5.8,-16.0,0.0,-0.5,-13.5,-30.0,38.3,,-7.4,10.3,0.0,-26.8,-5.3,11.1,4.9,17.3,-2.8,-2.8,0,0,179,138,164,137,143,173,124,123,123,128,128,133,133,178,156,142,161,75.0,126,135.0,102.0,82,131.0,122.0,87.0,122.0,100.0,39.0,97.0,42.0,172,176,91,,154,72,154.0,26,49,108,121,94,38,38,134,134,Myanmar,2020,4.431,Myanmar,2020,0.6676,Asia
86,499,MNE,Montenegro,46.3,46.7,33.9,31.2,34.8,55.2,65.6,78.9,56.7,65.2,65.2,5.3,5.3,46.1,36.6,46.8,48.4,0.6,45.1,75.8,5.5,48.2,44.3,41.2,44.9,100.0,6.6,,9.1,3.7,65.6,54.5,90.7,89.8,83.6,100.0,43.7,37.0,34.2,85.2,88.1,82.4,19.2,19.2,8.4,8.4,7.3,3.7,4.6,6.3,3.0,-1.8,2.9,4.8,1.6,4.4,4.4,0,0,9.8,7.4,21.4,17.9,0.0,13.8,-18.7,0.0,0.3,-2.1,-5.2,-3.5,56.8,-0.8,,0.0,-1.6,11.0,20.1,-9.3,14.1,-16.4,31.6,0.0,-16.0,-4.2,85.2,88.1,82.4,-7.3,-7.3,0,0,74,79,106,122,99,51,43,43,53,54,54,116,116,85,144,127,129,101.0,46,117.0,151.0,121,51.0,46.0,133.0,1.0,122.0,,98.0,52.0,39,52,40,57.0,24,1,102.0,127,125,43,64,46,159,159,70,70,Montenegro,2020,5.722,Montenegro,2020,3.6778,Europe
87,496,MNG,Mongolia,32.2,27.6,17.4,11.2,22.8,42.1,43.1,42.3,43.7,33.2,33.2,0.0,0.0,35.3,73.1,77.1,73.9,,23.5,93.9,97.9,67.2,41.7,38.6,71.4,68.0,,,,,16.6,7.7,0.0,69.4,14.0,12.0,100.0,33.3,1.1,34.9,25.5,44.4,15.4,15.4,3.3,3.3,-7.6,3.0,2.9,-1.6,8.0,10.9,3.0,3.2,3.0,7.6,7.6,0,0,-14.7,5.2,7.8,13.1,,3.8,-4.5,0.1,0.0,15.6,17.0,22.7,-17.5,,,,,-32.6,-25.6,-95.0,15.7,-65.2,-29.8,0.0,-13.1,-16.0,-37.9,-50.8,-25.0,-23.4,-23.4,0,0,147,128,173,173,117,90,102,111,94,151,151,133,133,147,51,92,98,,110,32.0,26.0,33,59.0,57.0,35.0,45.0,,,,,178,167,177,115.0,169,160,1.0,140,171,151,163,109,166,166,88,88,Mongolia,2020,6.011,Mongolia,2020,26.978,Asia
88,508,MOZ,Mozambique,33.9,28.1,40.7,64.5,7.0,47.1,16.4,16.3,16.4,23.7,23.7,0.7,0.7,37.8,67.4,97.4,98.6,2.2,49.0,91.0,80.2,56.9,24.5,22.5,45.2,39.3,16.3,12.5,20.2,,31.1,0.0,61.6,88.0,88.6,46.1,43.8,62.1,86.6,54.1,74.9,33.3,34.4,34.4,0.2,0.2,5.3,1.5,-1.7,-3.5,2.1,-13.6,5.3,5.3,5.3,4.3,4.3,0,0,7.9,2.2,6.5,3.0,0.0,8.1,-5.0,0.0,-0.3,-5.5,-5.2,-1.4,-15.4,-1.1,-2.0,0.0,,15.3,0.0,48.4,42.1,61.7,29.1,0.0,-13.2,0.1,31.2,74.9,-12.5,5.8,5.8,0,0,136,126,84,26,168,73,148,149,146,171,171,130,130,135,68,55,49,80.0,37,51.0,85.0,75,136.0,127.0,130.0,125.0,42.0,40.0,38.0,,152,176,100,96.0,22,108,101.0,46,20,99,78,138,109,109,126,126,Mozambique,2019,4.9319999999999995,Mozambique,2020,0.2102,Africa
89,478,MRT,Mauritania,27.7,20.0,22.4,22.0,19.8,47.7,13.6,13.7,13.4,55.8,55.8,12.5,12.5,32.8,19.2,3.6,3.0,0.1,4.6,94.5,1.4,78.0,97.2,100.0,53.6,90.9,7.8,14.7,4.2,3.9,32.6,21.5,32.6,88.7,35.7,41.5,0.0,33.7,58.6,49.2,55.1,43.4,39.7,39.7,0.0,0.0,0.3,3.2,0.3,-2.3,5.6,-14.3,7.2,7.3,7.0,4.7,4.7,0,0,-1.6,-0.2,0.0,0.0,0.0,3.0,-4.8,0.0,-0.3,1.1,0.0,19.7,2.2,-1.8,-8.2,0.0,3.7,-2.9,0.0,-8.1,40.2,-18.6,-58.5,0.0,-37.6,0.6,-21.9,-44.9,1.3,14.5,14.5,0,0,167,161,158,150,123,70,155,157,157,70,70,105,105,162,171,173,173,113.0,168,28.0,155.0,6,9.0,1.0,94.0,36.0,116.0,32.0,121.0,51.0,146,143,155,94.0,142,121,159.0,138,85,115,112,112,83,83,134,134,Mauritania,2019,4.1530000000000005,Mauritania,2020,0.7263,Africa
90,480,MUS,Mauritius,45.1,60.0,51.1,37.8,63.3,100.0,65.5,68.5,63.4,66.8,66.8,98.0,98.0,35.3,19.3,27.8,27.8,0.0,10.9,,,32.7,49.5,43.9,100.0,100.0,15.0,4.6,25.4,,51.0,43.2,47.4,88.6,39.9,97.3,34.1,43.5,52.4,49.2,50.9,47.5,20.0,20.0,2.5,2.5,6.2,4.6,5.7,3.1,10.1,0.0,3.5,6.3,1.5,7.1,7.1,0,0,7.5,1.2,1.2,1.2,0.0,4.5,,,0.5,16.2,7.5,89.2,99.9,-5.7,-11.4,0.0,,15.9,16.1,8.5,21.1,-27.3,97.3,0.0,6.1,-6.5,-8.7,35.1,-52.5,2.5,2.5,0,0,82,41,53,97,58,1,44,52,36,51,51,7,7,147,170,147,150,117.0,143,,,177,43.0,42.0,1.0,1.0,48.0,89.0,23.0,,89,82,131,95.0,131,24,128.0,110,91,115,123,101,154,154,93,93,Mauritius,2020,6.015,Mauritius,2020,3.1289999999999996,Africa
91,454,MWI,Malawi,38.3,26.5,39.6,61.2,9.3,43.5,12.0,12.0,12.0,37.4,37.4,0.0,0.0,46.2,84.2,100.0,100.0,,41.1,92.8,89.2,50.7,22.8,20.2,37.9,54.5,,,,,34.2,37.3,14.8,,13.1,46.5,37.5,33.4,100.0,53.1,60.4,45.8,39.0,39.0,0.0,0.0,-2.6,2.8,1.2,0.7,2.8,-7.0,4.6,4.6,4.6,5.6,5.6,0,0,-6.2,0.0,0.0,0.0,,4.4,-4.4,0.0,-0.3,-5.6,-8.4,12.7,26.1,,,,,-14.1,-18.1,-8.2,,3.3,-21.6,0.0,-10.5,0.0,13.4,16.4,10.4,0.0,0.0,0,0,112,134,87,33,162,84,163,163,162,130,130,133,133,83,23,1,1,,54,37.0,54.0,102,147.0,138.0,153.0,80.0,,,,,144,104,173,,171,106,118.0,139,1,104,102,105,87,87,134,134,Malawi,2019,3.8689999999999998,Malawi,2020,0.0729,Africa
92,458,MYS,Malaysia,47.9,55.4,50.3,36.5,70.7,40.1,57.6,71.8,48.1,62.1,62.1,81.4,81.4,42.9,55.1,100.0,100.0,8.6,14.6,0.0,61.7,57.1,12.8,12.7,14.8,,8.6,11.1,,5.7,52.8,40.1,63.7,89.3,100.0,52.7,49.0,55.8,23.7,41.2,43.3,39.0,63.4,63.4,12.4,12.4,4.4,3.8,4.6,3.8,7.6,-10.6,3.1,5.8,1.3,6.0,6.0,0,0,4.8,-8.6,0.0,0.0,0.0,7.5,-90.3,0.0,-3.7,-3.7,-4.3,8.5,,-4.7,-8.6,,-0.2,20.6,19.0,16.7,12.8,84.4,22.1,0.0,22.1,-3.7,-31.2,-56.7,-5.9,21.7,21.7,0,0,68,50,55,105,51,100,59,50,74,57,57,33,33,108,110,1,1,65.0,131,152.0,116.0,72,171.0,161.0,164.0,,110.0,48.0,,42.0,81,94,93,85.0,1,93,87.0,62,143,134,138,128,23,23,63,63,Malaysia,2019,5.428,Malaysia,2020,8.4226,Asia
93,516,NAM,Namibia,40.2,22.5,24.4,27.2,20.4,26.4,19.6,20.8,18.8,44.5,44.5,4.2,4.2,52.0,76.6,100.0,100.0,16.8,78.9,86.4,94.4,72.7,55.1,52.1,65.3,98.1,8.6,16.7,7.8,0.0,55.4,38.8,100.0,,100.0,15.4,94.3,87.0,42.5,68.2,57.1,79.4,11.5,11.5,6.2,6.2,9.1,3.8,2.7,1.0,5.5,0.0,5.4,6.0,4.9,4.7,4.7,0,0,12.6,1.6,0.0,0.0,0.0,25.0,-9.3,1.1,-0.6,35.3,35.7,9.1,54.1,-0.2,-0.3,0.0,-0.3,17.5,2.5,65.8,,76.2,-28.3,0.0,40.6,2.2,44.4,55.9,33.1,-11.3,-11.3,0,0,104,141,154,136,122,155,138,140,139,107,107,120,120,55,44,1,1,55.0,4,76.0,36.0,19,36.0,31.0,57.0,35.0,110.0,25.0,107.0,77.0,71,97,1,,1,158,12.0,11,104,76,107,50,171,171,75,75,Namibia,2020,4.4510000000000005,Namibia,2020,1.5259,Africa
94,562,NER,Niger,30.8,17.1,30.3,48.6,5.4,28.5,1.4,1.3,1.6,27.3,27.3,1.0,1.0,39.9,77.6,85.5,83.9,,25.6,89.8,92.6,73.8,97.7,100.0,53.1,100.0,,,,,12.5,2.0,23.3,,19.2,23.5,0.0,49.4,81.9,0.9,0.0,1.9,33.6,33.6,0.0,0.0,-8.1,-0.6,-2.2,-3.9,1.1,-10.4,1.4,1.3,1.6,-0.1,-0.1,0,0,-13.2,16.9,33.8,31.8,,9.8,-9.2,3.0,-0.2,0.8,0.0,15.3,0.0,,,,,-40.7,-73.0,11.8,,5.6,7.8,0.0,21.2,-0.5,0.9,0.0,1.9,2.0,2.0,0,0,152,170,124,56,176,150,178,178,178,165,165,126,126,126,41,79,82,,105,59.0,44.0,16,7.0,1.0,97.0,1.0,,,,,179,172,170,,165,150,159.0,87,29,177,176,173,114,114,134,134,Niger,2019,5.004,Niger,2020,0.0698,Africa
95,566,NGA,Nigeria,31.0,13.9,18.0,21.4,11.7,30.9,4.9,6.0,4.2,51.5,51.5,7.7,7.7,42.4,53.6,78.3,62.1,0.0,32.3,83.9,89.0,50.4,23.4,20.6,38.0,59.4,10.9,15.5,6.3,,50.8,36.1,84.4,89.8,33.5,37.1,28.0,61.5,80.9,66.3,73.6,59.0,39.0,39.0,0.2,0.2,3.6,1.1,-2.2,-6.4,4.0,-4.9,4.9,6.0,4.2,4.6,4.6,0,0,5.2,0.0,0.0,0.0,0.0,11.6,-11.5,0.0,0.0,-17.0,-18.9,14.7,-15.5,-2.6,-5.3,0.0,,16.5,36.1,-15.6,14.6,-10.0,-3.2,0.0,-38.5,5.3,14.9,5.0,24.7,-2.5,-2.5,0,0,151,177,169,152,146,138,177,174,177,81,81,112,112,110,112,91,110,117.0,76,93.0,55.0,104,144.0,135.0,152.0,61.0,90.0,30.0,114.0,,91,107,56,57.0,151,131,135.0,49,31,78,79,77,87,87,126,126,Nigeria,2020,5.502999999999999,Nigeria,2020,0.6086,Africa
96,558,NIC,Nicaragua,39.2,40.2,41.7,53.5,24.1,51.4,42.8,43.9,42.0,34.5,34.5,11.4,11.4,38.6,59.6,93.1,93.9,7.5,68.4,0.0,89.5,48.9,20.1,15.7,54.9,64.1,12.3,11.7,12.9,,38.0,37.6,29.8,,22.2,52.1,60.5,43.8,65.2,80.2,96.5,64.0,24.1,24.1,0.0,0.0,0.1,2.8,-0.1,-2.7,4.1,-5.1,6.5,7.2,6.0,5.4,5.4,0,0,-1.6,-7.4,0.1,0.0,0.0,8.8,-80.6,0.0,-2.7,-5.4,-7.5,-4.2,30.1,-2.1,-4.2,0.0,,-4.5,-1.1,-16.3,,-5.6,-6.3,0.0,-5.8,-3.5,59.9,68.7,51.3,-6.1,-6.1,0,0,108,100,80,46,115,57,104,106,101,149,149,106,106,132,95,62,65,67.0,12,152.0,53.0,112,161.0,156.0,89.0,50.0,72.0,47.0,74.0,,127,103,161,,162,94,62.0,109,65,55,50,71,143,143,134,134,Nicaragua,2019,6.1129999999999995,Nicaragua,2020,0.7659,Americas
97,528,NLD,Netherlands,75.3,91.0,82.4,72.8,100.0,47.5,100.0,100.0,100.0,95.1,95.1,100.0,100.0,64.8,83.7,99.8,93.5,100.0,39.0,78.0,94.1,39.3,42.8,40.6,82.7,41.5,13.1,8.3,28.6,0.7,65.8,57.8,100.0,100.0,14.0,85.1,64.1,40.9,17.0,100.0,100.0,100.0,40.0,40.0,100.0,100.0,1.5,3.6,6.4,12.1,0.0,-4.5,0.0,0.0,0.0,7.5,7.5,0,0,0.0,1.4,1.8,1.5,0.0,6.3,-2.3,4.0,-0.8,4.9,2.4,45.4,7.5,0.6,1.5,0.0,0.3,-1.7,2.2,0.0,0.0,-33.6,-14.9,0.0,-10.7,3.0,0.0,0.0,0.0,-3.0,-3.0,0,0,11,13,17,20,1,71,1,1,1,9,9,1,1,17,25,44,66,1.0,59,109.0,38.0,167,56.0,51.0,25.0,120.0,63.0,67.0,21.0,74.0,36,43,1,1.0,169,39,49.0,121,156,1,1,1,80,80,1,1,Netherlands,2020,7.504,Netherlands,2020,8.0596,Europe
98,578,NOR,Norway,77.7,98.5,97.9,100.0,100.0,58.7,100.0,100.0,100.0,94.0,94.0,97.6,97.6,63.8,71.5,81.6,83.0,43.8,47.7,92.7,86.7,71.3,32.1,30.5,56.0,38.0,9.8,11.9,,7.3,78.9,72.5,100.0,100.0,79.0,100.0,54.7,67.9,13.3,99.2,100.0,98.4,39.3,39.3,64.3,64.3,7.6,4.1,6.5,11.1,0.0,8.5,1.0,0.0,1.6,9.7,9.7,0,0,10.0,3.8,6.9,5.4,3.7,9.5,-6.3,2.5,0.1,-5.4,-5.4,-13.0,3.3,1.2,1.1,,1.2,21.8,23.0,51.0,3.9,-20.3,0.0,0.0,39.0,6.7,14.9,0.0,29.8,-0.7,-0.7,0,0,9,2,5,1,1,43,1,1,1,12,12,10,10,21,59,85,84,38.0,40,38.0,62.0,24,101.0,92.0,84.0,132.0,99.0,43.0,,33.0,6,12,1,1.0,33,1,77.0,36,159,23,1,30,86,86,29,29,Norway,2020,7.29,Norway,2020,7.615,Europe
99,524,NPL,Nepal,32.7,21.0,14.6,16.3,14.1,0.0,27.0,29.0,25.7,27.2,27.2,30.5,30.5,40.5,62.6,76.3,45.7,,27.5,97.5,84.2,47.6,67.8,65.8,73.4,100.0,,,,,23.7,0.0,66.5,,32.9,65.8,81.1,45.0,85.5,44.4,39.2,49.5,45.8,45.8,0.0,0.0,-8.1,2.3,-1.3,-6.0,4.9,0.0,7.3,8.5,6.6,1.1,1.1,0,0,-15.1,5.1,8.6,4.9,,12.3,-1.8,2.8,0.7,9.4,10.0,10.0,0.0,,,,,-38.3,-63.1,4.6,,-33.6,33.6,0.0,-5.9,-8.4,-6.2,-8.4,-4.2,-3.6,-3.6,0,0,145,150,178,164,139,179,130,127,131,166,166,89,89,120,84,96,132,,98,8.0,71.0,124,29.0,25.0,30.0,1.0,,,,,170,176,87,,152,67,24.0,105,24,127,147,95,63,63,134,134,Nepal,2019,5.449,Nepal,2020,0.5820000000000001,Asia
100,554,NZL,New Zealand,71.3,88.0,97.4,100.0,97.6,67.4,80.4,89.4,74.4,75.5,75.5,68.0,68.0,60.2,84.0,91.0,90.9,100.0,56.5,81.2,81.1,57.2,28.2,24.9,60.0,56.6,5.4,7.3,,3.0,61.5,51.4,85.7,89.5,65.4,78.1,61.5,51.5,5.5,87.4,100.0,74.7,57.5,57.5,79.9,79.9,1.8,2.1,2.2,0.6,5.8,-8.3,2.0,3.3,1.1,5.0,5.0,0,0,1.7,0.1,1.4,1.4,0.0,8.9,-16.7,2.6,0.3,-3.8,-2.9,8.2,-31.3,0.7,0.5,,0.7,-0.5,-2.8,10.2,-1.7,0.1,0.0,0.0,-7.0,3.0,39.1,47.7,30.5,3.8,3.8,0,0,19,16,6,1,26,24,29,27,29,32,32,49,49,32,24,65,69,1.0,19,101.0,78.0,69,117.0,112.0,71.0,69.0,128.0,71.0,,60.0,52,60,53,74.0,70,49,58.0,75,166,40,1,59,31,31,20,20,New Zealand,2020,7.257000000000001,New Zealand,2020,6.9418,Oceania
101,586,PAK,Pakistan,33.1,14.6,9.9,8.5,12.9,1.3,17.4,20.9,15.1,23.0,23.0,31.1,31.1,45.3,46.1,62.0,55.1,6.9,9.4,85.6,62.0,56.2,80.9,83.7,56.2,54.4,7.6,6.2,9.1,,50.6,42.7,40.3,95.9,45.1,57.4,92.2,45.1,73.9,58.8,60.9,56.7,35.1,35.1,0.1,0.1,6.1,1.8,-0.9,-5.0,4.7,-1.6,5.2,6.4,4.5,3.8,3.8,0,0,8.8,-0.7,0.0,0.0,0.0,3.0,-8.9,0.0,-0.5,32.4,36.6,9.4,-20.2,-0.6,-1.2,0.0,,13.2,17.2,3.5,15.0,13.3,18.0,0.0,4.2,-1.3,9.5,-9.7,28.7,1.3,1.3,0,0,142,176,180,177,141,178,144,139,151,173,173,87,87,89,127,107,119,69.0,151,82.0,115.0,80,21.0,15.0,82.0,81.0,119.0,79.0,98.0,,92,84,144,16.0,122,82,14.0,104,43,89,101,82,104,104,129,129,Pakistan,2019,4.4430000000000005,Pakistan,2020,1.0628,Asia
102,591,PAN,Panama,47.3,50.4,56.0,61.7,47.3,62.7,43.5,46.5,41.6,57.5,57.5,42.0,42.0,45.2,60.4,92.7,75.3,9.3,44.8,80.3,78.9,45.8,33.1,33.0,45.1,24.2,9.1,6.2,11.9,,50.3,36.0,88.7,,71.7,32.2,73.6,72.9,56.6,66.1,72.4,59.9,25.6,25.6,23.1,23.1,3.3,5.8,5.7,5.1,8.2,-8.8,6.7,8.9,5.3,6.2,6.2,0,0,1.5,-0.9,0.1,0.3,0.1,9.1,-16.0,0.0,-2.6,2.5,2.7,3.1,-0.3,1.2,2.2,0.0,,-0.5,-7.9,26.9,,16.6,-18.6,0.0,-0.1,-3.9,32.1,38.3,26.0,-1.1,-1.1,0,0,70,61,43,31,75,32,100,101,102,68,68,78,78,90,91,63,97,63.0,48,106.0,88.0,136,97.0,80.0,131.0,151.0,102.0,79.0,81.0,,93,108,43,,46,141,30.0,27,89,79,80,76,137,137,53,53,Panama,2019,6.086,Panama,2020,2.4983,Americas
103,604,PER,Peru,44.0,45.1,46.0,47.6,40.4,72.9,43.0,43.7,42.6,68.2,68.2,30.0,30.0,43.2,59.5,85.6,81.7,1.6,56.7,74.7,67.9,58.1,37.0,35.6,55.5,43.0,18.7,25.1,8.1,23.6,41.3,27.9,58.1,89.7,60.3,16.6,36.0,41.4,59.4,41.0,69.1,12.9,37.1,37.1,46.4,46.4,-0.8,3.6,5.2,3.3,10.3,-14.9,1.7,2.2,1.4,6.5,6.5,0,0,-3.9,3.0,2.1,4.2,0.0,28.0,-18.9,9.7,-1.0,-6.4,-8.0,-1.8,17.7,-2.9,-1.8,0.0,-7.6,-5.6,-6.6,-0.5,18.5,10.5,-83.4,0.0,3.2,-7.4,-27.1,4.2,-58.4,-2.9,-2.9,0,0,90,84,68,59,88,20,103,107,98,47,47,90,90,103,97,78,87,85.0,18,120.0,106.0,63,78.0,69.0,86.0,110.0,23.0,10.0,105.0,14.0,115,129,104,63.0,87,155,123.0,118,81,135,84,165,97,97,41,41,Peru,2019,5.999,Peru,2020,1.3559,Americas
104,608,PHL,Philippines,38.4,34.1,30.4,34.2,19.7,75.4,39.0,45.9,34.3,48.0,48.0,17.4,17.4,41.4,56.6,87.5,92.2,9.3,23.0,42.6,74.2,48.5,31.9,28.1,100.0,,12.3,8.5,10.2,19.1,42.8,21.5,65.9,95.0,54.7,66.4,42.9,52.1,74.1,68.4,84.8,51.9,44.1,44.1,0.7,0.7,-4.1,4.9,3.8,1.6,5.0,19.8,7.1,10.3,4.8,3.1,3.1,0,0,-10.0,-3.4,0.2,0.1,0.4,16.5,-51.3,0.1,-1.0,-7.4,-7.8,0.0,,-0.7,-7.4,0.0,6.5,-17.9,-33.7,17.2,6.5,-0.4,-33.6,0.0,-14.2,-6.8,-31.6,-15.2,-48.1,5.8,5.8,0,0,111,107,123,109,124,16,110,102,113,91,91,99,99,114,105,74,68,63.0,111,144.0,95.0,117,103.0,97.0,1.0,,72.0,66.0,95.0,15.0,111,143,90,21.0,104,63,105.0,73,42,75,68,87,68,68,112,112,Philippines,2020,5.08,Philippines,2020,1.2413,Asia
105,616,POL,Poland,60.9,58.9,44.7,40.7,49.7,48.7,71.7,80.9,65.6,65.3,65.3,91.1,91.1,62.3,89.0,100.0,100.0,100.0,48.3,92.5,100.0,48.9,27.1,23.9,65.8,45.7,8.0,2.6,17.3,3.4,65.4,61.0,72.4,86.1,83.7,66.2,55.5,59.9,20.6,89.6,100.0,79.3,57.4,57.4,60.9,60.9,1.1,4.8,6.9,8.1,6.1,1.3,2.1,3.8,1.0,8.5,8.5,0,0,-1.3,0.6,0.0,0.0,0.0,7.6,-1.5,0.0,-0.4,-4.0,-4.4,5.0,-6.5,0.3,0.2,0.0,0.6,-1.8,3.7,-27.6,14.6,24.2,-33.8,0.0,-13.8,-0.8,-10.4,0.0,-20.7,4.0,4.0,0,0,37,43,70,90,74,65,34,38,33,52,52,19,19,26,3,1,1,1.0,38,40.0,1.0,112,126.0,119.0,51.0,97.0,115.0,99.0,52.0,56.0,40,28,76,104.0,23,66,73.0,51,151,38,1,51,32,32,30,30,Poland,2020,6.138999999999999,Poland,2020,7.916,Europe
106,620,PRT,Portugal,67.0,83.4,84.4,86.4,85.8,51.6,83.4,80.3,85.5,65.3,65.3,90.2,90.2,56.1,73.0,100.0,100.0,41.1,42.0,72.8,94.1,38.6,7.4,2.0,70.5,41.5,33.1,1.6,45.6,55.2,63.3,57.9,91.1,67.4,83.0,94.2,45.3,6.1,28.1,93.5,100.0,87.0,22.3,22.3,55.0,55.0,4.0,7.1,11.1,12.5,9.8,7.6,2.6,3.1,2.3,7.8,7.8,0,0,2.0,6.6,0.0,0.0,35.8,6.4,-17.8,4.6,0.6,-8.1,-10.4,27.5,-1.9,14.2,0.8,0.0,46.3,-2.0,1.0,14.6,-15.5,-17.0,-5.8,0.0,-38.8,-7.1,10.1,0.0,20.2,1.7,1.7,0,0,27,24,15,11,32,56,28,40,25,52,52,20,20,40,52,1,1,40.0,51,123.0,38.0,169,174.0,167.0,38.0,120.0,12.0,102.0,7.0,11.0,44,41,39,116.0,26,28,95.0,173,136,30,1,41,148,148,34,34,Portugal,2020,5.768,Portugal,2020,3.9609,Europe
107,600,PRY,Paraguay,46.4,46.8,47.0,59.0,30.5,46.8,47.5,51.1,45.1,51.2,51.2,35.0,35.0,46.2,62.8,82.9,84.1,,19.9,0.0,85.4,63.4,20.2,16.6,54.8,49.3,,,,,40.9,38.8,36.5,,27.8,81.0,48.6,45.8,42.5,70.5,98.3,42.8,77.9,77.9,0.7,0.7,-4.9,3.6,3.2,2.5,6.5,-15.4,4.5,5.8,3.6,4.9,4.9,0,0,-10.5,-7.6,0.8,0.7,,4.9,-68.8,0.9,-0.5,-0.2,-0.9,-11.4,22.6,,,,,-18.1,-20.2,-22.8,,-15.2,-17.0,0.0,-1.6,-3.1,-8.8,27.5,-45.0,2.5,2.5,0,0,73,77,66,35,106,74,90,89,89,83,83,83,83,83,83,82,81,,119,152.0,68.0,46,160.0,153.0,91.0,90.0,,,,,116,97,151,,158,42,88.0,98,104,71,47,115,3,3,112,112,Paraguay,2019,5.653,Paraguay,2020,1.0613,Americas
108,642,ROU,Romania,64.7,50.0,43.6,41.1,44.7,63.0,55.9,56.8,55.3,51.4,51.4,65.8,65.8,74.4,85.0,96.3,97.6,100.0,34.7,84.9,98.2,44.2,40.9,38.4,60.5,66.6,54.5,,100.0,1.4,84.6,83.2,100.0,89.2,100.0,62.4,70.9,78.7,45.2,100.0,100.0,100.0,65.7,65.7,30.4,30.4,8.1,5.5,8.3,8.9,6.3,17.3,2.6,4.0,1.6,6.8,6.8,0,0,9.7,7.0,17.9,11.9,0.0,14.0,-6.6,3.6,-1.0,3.1,2.0,14.7,11.8,-0.6,,0.0,-1.3,18.8,32.3,20.5,-9.0,27.3,-37.6,0.0,-15.9,7.2,0.0,0.0,0.0,4.3,4.3,0,0,32,65,73,88,79,31,62,75,56,82,82,51,51,3,20,58,56,1.0,71,86.0,23.0,150,63.0,59.0,69.0,47.0,4.0,,1.0,71.0,3,4,1,91.0,1,71,36.0,20,96,1,1,1,14,14,49,49,Romania,2019,6.13,Romania,2020,3.7154,Europe
109,643,RUS,Russia,50.5,53.0,54.1,46.9,63.7,56.2,55.4,55.1,55.7,72.2,72.2,3.2,3.2,48.8,54.1,52.9,56.4,18.0,22.5,89.5,94.9,79.4,28.6,26.3,55.1,43.0,4.3,3.8,6.6,2.2,59.9,56.9,59.8,86.0,52.7,100.0,53.9,36.2,9.2,81.0,75.7,86.3,60.5,60.5,18.5,18.5,3.9,8.0,14.1,18.4,8.3,14.0,1.0,1.7,0.7,9.5,9.5,0,0,1.1,-0.6,0.0,0.0,0.0,1.6,-7.8,0.0,-0.2,-5.0,-7.4,14.3,17.7,0.4,1.4,0.0,-0.2,4.6,6.2,16.4,-5.8,-12.7,36.7,0.0,-38.5,-1.5,-11.6,-24.3,1.0,8.6,8.6,0,0,58,57,47,62,57,48,65,81,55,37,37,122,122,72,111,120,117,51.0,112,61.0,33.0,3,113.0,102.0,87.0,110.0,133.0,91.0,111.0,65.0,57,50,102,105.0,107,1,79.0,132,162,50,76,42,26,26,58,58,Russia,2020,5.495,Russia,2020,10.8072,Europe
110,646,RWA,Rwanda,33.8,24.4,30.9,45.2,11.8,26.3,16.9,16.9,16.9,45.2,45.2,0.0,0.0,40.0,57.4,51.5,54.7,,29.5,94.0,76.0,47.3,28.4,26.3,36.7,57.9,,,,,35.9,14.2,50.6,89.4,41.0,51.9,34.1,71.5,100.0,50.5,52.8,48.2,39.4,39.4,0.0,0.0,-1.5,1.6,-1.7,-3.7,3.0,-17.0,5.7,5.6,5.8,4.9,4.9,0,0,-3.7,-0.2,0.0,0.0,,3.2,-5.0,0.0,-0.1,-9.1,-13.3,35.2,22.8,,,,,-4.3,-38.5,49.7,62.4,40.9,11.6,0.0,10.9,0.0,-13.6,-29.2,1.9,1.4,1.4,0,0,137,139,121,71,145,156,146,148,144,103,103,133,133,124,102,121,120,,90,31.0,90.0,128,114.0,102.0,155.0,65.0,,,,,138,157,127,78.0,129,95,128.0,28,1,110,118,98,85,85,134,134,Rwanda,2019,3.2680000000000002,Rwanda,2020,0.0797,Africa
111,682,SAU,Saudi Arabia,44.0,47.2,37.4,10.0,76.2,29.0,59.3,71.9,50.9,35.4,35.4,61.4,61.4,41.8,38.8,28.0,28.0,20.7,6.0,97.5,56.6,74.2,96.9,100.0,38.5,100.0,18.5,12.3,24.7,,37.5,32.8,44.8,90.9,35.2,6.3,0.0,30.7,0.0,34.7,32.2,37.1,64.3,64.3,11.8,11.8,6.4,7.8,10.1,6.0,16.9,0.7,5.9,9.8,3.4,9.3,9.3,0,0,5.4,0.1,0.0,0.0,0.0,1.8,-0.9,0.0,0.1,5.4,0.0,38.5,69.6,1.4,2.9,0.0,,10.0,20.7,8.0,-5.4,-14.9,-32.7,0.0,7.6,-4.3,-27.2,-24.0,-30.5,39.8,39.8,0,0,90,76,93,176,42,148,55,49,63,144,144,56,56,113,136,146,148,49.0,163,8.0,122.0,14,11.0,1.0,150.0,1.0,26.0,41.0,25.0,,130,117,135,46.0,143,169,159.0,146,172,152,156,130,18,18,64,64,Saudi Arabia,2020,6.56,Saudi Arabia,2020,17.9672,Asia
112,686,SEN,Senegal,30.7,20.4,25.4,33.8,12.3,38.1,13.1,13.4,12.9,47.7,47.7,0.9,0.9,37.6,68.7,100.0,100.0,6.9,38.9,97.0,84.0,53.1,25.8,22.7,46.4,61.1,12.8,9.9,20.6,7.1,30.3,15.0,61.7,,63.3,8.0,70.3,46.8,82.4,49.5,52.9,46.2,38.6,38.6,0.5,0.5,-2.7,0.3,-1.8,-3.7,2.0,-11.3,2.5,2.2,2.7,2.9,2.9,0,0,-4.6,1.1,0.0,0.0,0.0,13.7,-2.3,0.0,-0.4,-8.9,-10.3,17.1,-9.3,1.3,2.2,0.0,1.7,-11.5,-17.2,1.9,,4.6,-21.0,0.0,-7.4,-1.7,8.0,-0.8,16.9,1.8,1.8,0,0,155,154,148,111,143,111,160,160,160,93,93,128,128,136,64,1,1,69.0,60,12.0,74.0,88,132.0,126.0,125.0,57.0,67.0,55.0,37.0,35.0,158,156,99,,75,165,38.0,94,28,114,117,103,93,93,116,116,Senegal,2019,5.489,Senegal,2020,0.6242,Africa
113,702,SGP,Singapore,58.1,85.0,76.9,61.8,100.0,57.4,93.2,100.0,88.7,85.4,85.4,99.6,99.6,40.2,20.9,29.2,29.2,0.0,5.0,,,45.1,18.4,18.4,,,71.4,,46.8,100.0,40.2,28.7,40.3,91.3,100.0,31.5,24.7,34.6,11.9,79.5,100.0,59.0,19.7,19.7,100.0,100.0,-8.4,2.8,3.9,1.4,9.5,-14.1,0.6,0.0,1.1,10.8,10.8,0,0,-15.8,0.2,0.0,0.0,0.0,4.6,,,-3.0,-16.5,-16.5,,,19.4,,0.0,41.9,-38.6,-71.3,21.8,10.1,0.0,-19.9,0.0,-43.0,-23.6,-17.3,0.0,-34.6,3.6,3.6,0,0,39,22,24,30,1,46,21,1,24,19,19,5,5,123,169,143,145,117.0,164,,,139,164.0,144.0,,,1.0,,6.0,1.0,117,126,144,42.0,1,143,141.0,136,161,56,1,77,156,156,1,1,Singapore,2019,6.377999999999999,Singapore,2020,7.778,Asia
114,694,SLE,Sierra Leone,25.7,19.1,25.1,37.3,7.0,36.9,11.5,11.7,11.4,37.4,37.4,0.0,0.0,30.2,52.9,54.5,92.9,6.0,14.8,77.9,80.9,48.8,9.6,3.8,63.6,58.7,18.7,31.1,6.4,,24.9,7.9,26.4,89.4,14.9,52.8,0.0,36.4,99.3,40.1,49.3,30.9,42.7,42.7,0.0,0.0,0.7,0.9,-1.9,-5.1,3.5,-9.2,4.1,4.2,4.0,3.4,3.4,0,0,0.7,7.1,10.9,21.8,1.6,5.3,-19.1,19.3,-2.8,-24.4,-31.5,33.5,45.0,-7.3,-14.5,0.0,,4.3,-12.4,26.4,76.3,14.9,-11.5,0.0,-12.4,-0.7,-5.0,0.4,-10.5,11.1,11.1,0,0,177,166,149,101,168,117,164,164,164,130,130,133,133,171,115,116,67,72.0,130,111.0,80.0,116,173.0,166.0,60.0,63.0,23.0,5.0,112.0,,167,166,168,78.0,168,92,159.0,130,9,140,127,144,71,71,134,134,Sierra Leone,2019,3.447,Sierra Leone,2020,0.11,Africa
115,222,SLV,El Salvador,43.1,42.5,42.6,44.8,38.6,49.6,41.6,43.1,40.6,35.5,35.5,55.5,55.5,43.5,35.8,41.3,43.8,2.7,27.9,84.2,26.2,44.7,33.5,32.7,42.9,38.6,5.5,0.0,10.9,,62.8,40.4,100.0,89.3,100.0,100.0,96.8,45.2,76.8,86.3,100.0,72.6,23.9,23.9,0.1,0.1,5.6,2.1,1.2,-4.8,10.5,-7.7,3.4,4.1,2.8,3.5,3.5,0,0,8.0,5.0,16.1,5.7,0.5,12.4,-12.4,5.1,0.4,3.6,2.2,12.2,20.3,-0.6,-1.3,0.0,,10.7,-3.9,39.1,16.3,58.2,43.6,0.0,4.6,0.4,42.5,65.9,19.2,-0.1,-0.1,0,0,95,93,77,72,94,62,106,108,104,143,143,63,63,101,146,135,135,78.0,95,90.0,143.0,143,96.0,82.0,140.0,131.0,127.0,109.0,93.0,,48,93,1,85.0,1,1,11.0,101,39,41,1,63,144,144,129,129,El Salvador,2020,5.462000000000001,El Salvador,2020,0.9441,Americas
116,688,SRB,Serbia,55.2,47.8,33.6,28.1,38.7,53.4,65.5,73.3,60.3,51.1,51.1,44.7,44.7,60.2,57.4,50.3,50.3,,31.4,86.7,96.8,42.8,45.8,44.5,58.8,56.6,,,,,68.1,57.2,99.8,89.8,96.0,89.5,41.9,34.9,23.1,89.0,78.8,99.2,69.9,69.9,1.7,1.7,7.0,5.1,7.5,7.8,6.0,16.5,2.7,3.7,2.0,5.3,5.3,0,0,8.3,6.9,11.6,11.6,,12.4,-8.8,5.9,-1.1,-4.7,-6.5,12.7,11.0,,,,,12.6,16.8,-0.2,14.2,39.9,39.9,0.0,-39.3,-2.6,14.5,4.5,24.5,9.2,9.2,0,0,45,73,108,134,93,53,44,47,42,84,84,72,72,32,102,125,126,,80,75.0,27.0,158,48.0,40.0,74.0,69.0,,,,,27,49,34,57.0,18,34,109.0,135,145,39,71,28,8,8,98,98,Serbia,2020,6.042000000000001,Serbia,2020,4.9369,Europe
117,703,SVK,Slovakia,68.3,64.3,56.2,43.1,75.2,49.7,71.8,82.8,64.5,69.2,69.2,80.6,80.6,70.9,85.0,100.0,100.0,,46.2,86.4,100.0,47.3,32.1,26.3,68.1,100.0,,,,,71.9,69.0,79.5,87.5,100.0,61.6,48.5,64.2,30.5,100.0,100.0,100.0,68.8,68.8,43.7,43.7,3.9,4.9,7.7,9.1,6.1,6.4,1.7,3.1,0.9,7.9,7.9,0,0,3.1,0.6,0.0,0.0,,11.6,-6.3,0.0,-0.5,3.1,-1.6,29.5,60.9,,,,,6.4,10.1,9.5,7.0,39.8,-38.4,0.0,-28.4,1.5,0.0,0.0,0.0,-3.2,-3.2,0,0,26,34,40,80,46,61,33,33,35,43,43,34,34,10,20,1,1,,43,76.0,1.0,128,101.0,102.0,47.0,1.0,,,,,13,14,64,100.0,1,73,89.0,39,128,1,1,1,11,11,42,42,Slovakia,2020,6.519,Slovakia,2020,5.6286,Europe
118,705,SVN,Slovenia,72.0,68.9,60.9,62.5,60.6,45.6,74.7,81.4,70.1,88.1,88.1,83.8,83.8,74.1,86.4,100.0,100.0,,55.8,84.0,100.0,51.0,37.1,31.9,68.8,100.0,,,,,75.2,70.9,100.0,91.4,79.2,66.4,46.6,58.4,28.2,90.0,100.0,80.0,47.0,47.0,89.1,89.1,4.6,3.6,6.2,7.6,5.3,-1.7,0.4,1.6,-0.5,7.3,7.3,0,0,5.3,1.1,0.0,0.0,,19.2,-10.6,0.0,0.1,-8.7,-13.7,23.3,50.5,,,,,14.5,20.0,27.3,1.8,-17.4,-1.8,0.0,-0.4,5.5,-10.0,0.0,-20.0,1.4,1.4,0,0,18,31,34,29,62,80,31,35,30,17,17,28,28,5,15,1,1,,23,92.0,1.0,99,75.0,87.0,45.0,1.0,,,,,11,13,1,40.0,32,63,92.0,53,135,37,1,49,61,61,15,15,Slovenia,2020,6.462000000000001,Slovenia,2020,6.042999999999999,Europe
119,752,SWE,Sweden,78.7,98.4,98.2,100.0,100.0,64.7,98.5,99.7,97.7,98.0,98.0,99.8,99.8,65.6,72.5,61.7,63.7,100.0,33.2,69.8,99.3,71.6,22.4,19.8,44.4,47.1,11.6,5.9,24.2,3.6,77.2,68.6,100.0,98.2,76.7,100.0,57.3,68.4,37.0,100.0,100.0,100.0,63.6,63.6,100.0,100.0,5.3,3.0,3.9,6.4,0.0,7.4,1.9,2.8,1.3,5.6,5.6,0,0,6.9,7.6,4.6,4.2,39.4,4.5,-25.6,0.2,-0.1,-1.3,-1.4,-18.3,18.3,-1.7,-4.4,0.0,-0.5,13.3,11.1,10.5,9.1,76.7,0.0,0.0,13.2,8.2,0.0,0.0,0.0,0.0,0.0,0,0,8,3,2,1,1,28,10,15,12,4,4,3,3,14,55,108,106,1.0,75,129.0,19.0,22,150.0,140.0,134.0,93.0,83.0,81.0,26.0,54.0,8,15,1,13.0,37,1,69.0,32,115,1,1,1,21,21,1,1,Sweden,2020,7.314,Sweden,2020,3.8255,Europe
120,748,SWZ,Eswatini,33.8,17.6,21.1,24.1,15.5,32.5,12.6,13.2,12.1,40.2,40.2,0.0,0.0,44.6,38.4,24.7,21.3,,34.8,76.2,59.3,45.0,24.0,21.0,72.6,29.8,,,,,56.9,41.9,100.0,,71.6,62.6,90.2,50.2,69.7,60.5,68.6,52.3,41.1,41.1,5.7,5.7,-1.6,3.9,2.7,2.0,5.5,-13.1,5.6,5.8,5.4,7.4,7.4,0,0,-5.4,1.6,1.2,1.4,,10.0,-3.3,1.3,-0.5,3.1,4.5,18.2,-35.6,,,,,-20.1,-37.9,28.4,,-7.1,1.5,0.0,-23.9,1.5,52.4,52.4,52.3,-3.0,-3.0,0,0,137,169,162,146,136,136,162,162,161,123,123,133,133,93,137,148,157,,70,115.0,118.0,140,141.0,133.0,33.0,146.0,,,,,64,88,1,,47,70,17.0,81,54,86,85,85,74,74,79,79,Eswatini,2019,4.396,Eswatini,2020,0.8238,Africa
121,148,TCD,Chad,26.7,14.9,26.8,42.4,5.3,28.4,0.0,0.0,0.0,29.1,29.1,0.0,0.0,34.6,69.0,68.1,77.4,,19.2,91.3,83.3,67.0,22.2,18.6,52.1,57.0,,,,,17.4,20.7,0.0,,0.0,43.5,37.6,0.0,46.5,54.7,57.6,51.7,38.7,38.7,0.0,0.0,-0.9,-1.0,-2.2,-5.1,2.5,-7.2,0.0,0.0,0.0,2.4,2.4,0,0,-0.9,0.2,0.0,0.0,,6.8,-5.7,0.0,-0.1,-11.6,-12.6,9.6,-15.2,,,,,-0.9,20.7,-24.2,,-50.3,-8.6,0.0,-100.0,-23.6,12.3,14.6,10.0,0.0,0.0,0,0,172,175,142,82,177,152,179,179,179,160,160,133,133,153,63,102,91,,120,48.0,75.0,36,152.0,143.0,100.0,67.0,,,,,176,147,177,,174,114,117.0,175,94,98,106,89,91,91,134,134,Chad,2019,4.251,Chad,2020,0.0555,Africa
122,768,TGO,Togo,29.5,16.4,24.1,33.7,10.7,26.8,5.1,5.6,4.8,43.7,43.7,1.0,1.0,38.2,64.2,98.5,98.4,0.0,34.9,92.4,73.5,47.0,28.1,23.5,40.2,100.0,11.1,,11.1,,34.4,31.2,32.4,,34.6,11.2,63.9,55.4,91.4,49.9,30.4,69.3,39.8,39.8,0.0,0.0,-2.1,1.3,-2.0,-5.0,3.3,-10.7,5.0,5.5,4.8,4.4,4.4,0,0,-4.4,0.8,0.0,0.0,0.0,12.8,-5.1,0.0,0.1,-6.5,-8.3,19.8,0.0,0.0,,0.0,,-12.0,-15.8,-11.9,,-19.0,-12.7,0.0,27.9,-5.1,12.6,-3.3,28.4,4.0,4.0,0,0,159,171,156,112,152,154,176,176,176,108,108,126,126,134,78,52,50,117.0,68,41.0,96.0,130,119.0,121.0,144.0,1.0,87.0,,91.0,,143,119,158,,145,162,50.0,63,16,111,158,68,82,82,134,134,Togo,2019,4.178999999999999,Togo,2020,0.2647,Africa
123,764,THA,Thailand,45.4,48.4,40.6,41.1,40.1,39.8,55.8,75.8,42.5,81.6,81.6,32.9,32.9,43.5,53.0,76.7,59.1,16.9,21.8,69.9,84.1,48.2,24.3,23.3,38.7,28.3,11.1,3.3,23.7,5.5,52.5,38.2,85.4,94.4,65.7,42.6,35.5,40.4,37.7,78.7,100.0,57.4,33.1,33.1,2.0,2.0,4.1,4.9,5.3,5.0,6.7,-2.0,4.5,8.3,2.1,8.0,8.0,0,0,3.6,-0.5,0.0,1.1,0.3,13.4,-22.2,0.0,0.0,-8.9,-6.6,13.3,-71.7,-0.7,-2.4,0.0,0.3,13.2,11.8,33.6,10.8,33.2,-18.0,0.0,-0.9,-6.0,-5.0,0.0,-10.1,-6.9,-6.9,0,0,78,70,85,88,89,102,63,45,99,24,24,84,84,101,114,94,113,54.0,113,128.0,72.0,121,140.0,123.0,149.0,147.0,87.0,95.0,28.0,44.0,84,101,54,24.0,68,115,125.0,122,114,59,1,81,117,117,97,97,Thailand,2020,5.885,Thailand,2020,3.6929,Asia
124,762,TJK,Tajikistan,38.2,20.7,15.2,10.7,20.5,22.1,30.9,29.8,31.6,15.7,15.7,0.0,0.0,49.9,65.8,64.0,75.5,,27.1,93.3,69.4,58.0,97.6,100.0,52.0,100.0,,,,,36.9,21.2,29.8,100.0,27.9,34.4,100.0,59.8,86.5,29.8,28.3,31.4,45.5,45.5,2.2,2.2,-0.7,2.6,0.3,-3.9,5.9,2.7,6.0,5.6,6.2,2.8,2.8,0,0,-2.9,-0.4,0.0,0.0,,2.6,-5.2,0.0,0.1,33.3,37.5,-8.4,0.0,,,,,-8.4,-18.1,6.5,0.0,27.9,-16.7,0.0,0.6,-1.1,-49.1,-58.4,-39.8,-1.5,-1.5,0,0,114,153,176,175,121,166,123,126,119,176,176,133,133,66,73,104,96,,101,35.0,101.0,64,8.0,1.0,102.0,1.0,,,,,134,146,161,1.0,157,137,1.0,52,21,160,160,142,65,65,94,94,Tajikistan,2020,5.372999999999999,Tajikistan,2020,0.9906,Asia
125,795,TKM,Turkmenistan,43.9,45.0,42.0,11.7,83.2,45.5,47.3,46.9,47.6,43.5,43.5,59.2,59.2,43.1,39.7,18.8,22.4,,2.7,96.4,68.4,67.1,96.2,98.1,58.0,100.0,,,,,36.4,28.3,13.7,89.3,49.7,21.0,100.0,76.3,0.0,44.8,53.8,35.8,39.9,39.9,9.8,9.8,8.4,6.3,6.3,2.4,12.6,-1.6,7.5,7.6,7.4,3.9,3.9,0,0,9.8,0.0,0.0,0.0,,0.9,-1.8,0.0,0.8,60.1,65.4,23.8,0.0,,,,,11.6,5.0,13.7,38.8,49.7,21.0,0.0,-11.5,-2.9,-12.3,-1.5,-23.2,-23.1,-23.1,0,0,92,85,79,171,35,81,92,100,76,112,112,62,62,104,132,157,154,,174,18.0,105.0,35,12.0,10.0,79.0,1.0,,,,,137,127,174,85.0,112,151,1.0,23,172,124,116,133,81,81,65,65,Turkmenistan,2019,5.474,Turkmenistan,2020,12.4914,Asia
126,788,TUN,Tunisia,46.7,49.2,48.7,26.2,81.1,36.3,52.6,58.0,48.9,36.5,36.5,39.6,39.6,45.0,37.1,32.0,37.1,9.9,4.1,90.9,59.3,58.4,22.5,16.0,61.8,100.0,18.3,24.6,11.9,,60.2,59.0,69.6,,67.7,76.5,0.0,51.4,61.0,84.2,91.0,77.3,24.3,24.3,43.0,43.0,6.4,5.2,8.3,5.4,13.4,-1.1,1.9,3.6,0.7,5.7,5.7,0,0,7.1,5.0,14.1,5.6,3.7,3.3,-4.9,4.6,0.1,-15.8,-21.0,61.8,0.0,4.6,9.2,0.0,,16.1,19.0,5.7,,14.3,48.6,0.0,0.3,1.4,17.6,8.1,27.1,-6.4,-6.4,0,0,71,67,61,140,38,120,75,72,71,138,138,81,81,92,142,141,138,60.0,170,52.0,118.0,61,149.0,154.0,66.0,1.0,29.0,11.0,81.0,,54,38,80,,59,52,159.0,76,75,44,61,52,141,141,44,44,Tunisia,2020,4.731,Tunisia,2020,2.3799,Africa
127,792,TUR,Turkey,42.6,51.3,49.5,32.3,76.2,25.7,52.6,61.2,46.9,61.5,61.5,48.5,48.5,36.9,15.1,1.1,1.4,0.0,10.9,87.0,3.3,44.3,37.1,35.6,53.6,47.5,10.8,2.4,22.3,7.2,49.3,35.5,87.7,87.2,0.0,50.2,64.2,56.6,38.5,84.0,82.8,85.2,57.4,57.4,30.4,30.4,2.1,6.5,9.2,6.7,13.6,2.4,3.9,7.3,1.6,7.8,7.8,0,0,-0.7,-0.6,0.0,0.0,0.0,3.8,-10.3,0.6,-0.7,-2.6,-1.4,5.4,-31.8,-3.9,-12.2,0.0,1.4,-1.8,-0.4,11.5,7.4,-76.5,-16.0,0.0,14.9,-4.9,10.4,1.3,19.4,4.5,4.5,0,0,99,58,58,117,42,160,75,61,80,59,59,70,70,139,175,178,177,117.0,143,72.0,152.0,148,75.0,69.0,94.0,92.0,91.0,100.0,32.0,34.0,96,110,47,101.0,174,99,48.0,59,113,45,69,44,32,32,49,49,Turkey,2020,4.862,Turkey,2020,4.6573,Asia
128,158,TWN,Taiwan,57.2,59.2,53.2,47.9,61.2,47.3,72.4,80.3,67.1,73.6,73.6,0.0,0.0,55.8,65.0,100.0,100.0,8.4,21.2,69.8,90.4,51.4,49.2,51.2,36.6,25.3,13.8,14.3,15.8,10.9,63.1,52.5,74.4,90.6,59.8,78.8,67.0,100.0,16.0,100.0,100.0,100.0,53.4,53.4,7.1,7.1,4.6,2.8,3.3,1.0,5.6,10.4,2.2,3.7,1.1,5.5,5.5,0,0,5.7,-1.6,0.0,0.0,0.0,12.4,-28.4,0.2,-0.2,-0.5,-0.4,-5.0,0.4,3.0,4.6,0.0,4.6,11.5,16.2,-14.1,4.9,-2.5,52.8,0.0,34.0,-0.4,18.7,0.0,37.3,7.2,7.2,0,0,40,42,50,58,60,72,32,40,31,34,34,133,133,43,76,1,1,66.0,114,129.0,50.0,96,44.0,32.0,156.0,150.0,59.0,34.0,61.0,23.0,46,56,72,50.0,88,46,43.0,1,157,1,1,1,39,39,72,72,Taiwan,2020,6.751,Taiwan,2020,11.4698,Asia
129,834,TZA,Tanzania,31.1,27.4,35.8,53.0,10.6,47.8,18.4,18.6,18.2,43.6,43.6,0.0,0.0,33.5,70.7,99.4,98.9,9.6,67.3,83.7,86.3,53.9,28.3,25.7,47.0,56.9,13.0,13.9,12.1,,18.7,4.9,32.6,,37.5,28.6,39.9,57.6,81.6,40.1,58.3,21.9,44.0,44.0,1.4,1.4,1.7,1.8,-0.8,-1.6,2.4,-17.3,5.0,5.1,4.8,4.1,4.1,0,0,1.7,0.2,0.1,0.2,0.1,6.8,-13.5,7.9,0.0,-4.6,-5.7,8.0,3.0,-3.2,-6.5,0.0,,4.3,4.9,5.2,,2.8,13.3,0.0,-8.1,-0.9,8.2,33.0,-16.5,6.6,6.6,0,0,150,130,101,48,153,69,141,142,140,110,110,133,133,159,60,47,47,61.0,13,95.0,64.0,85,115.0,106.0,124.0,68.0,65.0,35.0,77.0,,175,170,155,,136,147,115.0,55,30,140,105,153,69,69,100,100,Tanzania,2020,3.786,Tanzania,2020,0.1831,Africa
130,800,UGA,Uganda,35.6,25.7,32.6,48.0,11.3,33.7,17.6,17.5,17.6,41.9,41.9,4.9,4.9,42.2,81.4,95.2,95.3,,37.3,86.8,92.6,53.8,24.4,20.1,59.2,66.6,,,,,27.4,17.6,36.6,,39.6,40.0,23.9,51.6,93.3,44.4,46.0,42.9,38.7,38.7,0.4,0.4,1.8,0.7,-1.7,-3.5,2.7,-16.9,3.2,3.1,3.2,5.0,5.0,0,0,2.5,-0.7,0.0,0.0,,4.7,-9.9,0.0,-0.3,-8.5,-11.8,18.8,22.4,,,,,8.5,11.3,14.7,,4.7,-21.1,0.0,3.0,-3.6,-5.5,-15.0,4.1,2.3,2.3,0,0,127,135,112,57,150,129,143,146,143,118,118,118,118,111,33,59,62,,63,74.0,44.0,86,137.0,139.0,73.0,47.0,,,,,162,154,150,,133,123,143.0,74,14,127,132,114,91,91,118,118,Uganda,2020,4.641,Uganda,2020,0.107,Africa
131,804,UKR,Ukraine,49.5,49.0,39.8,30.6,51.1,50.6,55.1,55.2,55.0,69.3,69.3,73.1,73.1,49.9,37.7,23.8,26.0,26.1,17.5,84.2,80.4,43.0,30.2,25.2,62.7,86.9,12.4,11.8,20.1,4.1,69.2,61.9,87.4,87.9,66.2,80.9,57.0,68.2,42.5,76.6,64.9,88.4,79.5,79.5,14.1,14.1,0.7,2.6,5.4,6.2,4.0,8.0,-0.6,-0.2,-0.9,3.6,3.6,0,0,-0.5,0.1,0.2,0.1,0.0,4.1,-2.6,0.0,-0.9,-1.3,-5.0,20.5,42.6,0.0,-1.2,0.0,1.6,-1.7,3.4,-12.6,0.4,-2.0,-19.1,0.0,-21.3,15.7,-13.9,-35.1,7.4,18.3,18.3,0,0,60,69,86,125,71,59,66,79,58,42,42,45,45,66,139,150,151,46.0,123,90.0,82.0,156,108.0,109.0,64.0,37.0,71.0,45.0,39.0,49.0,26,27,48,97.0,65,43,70.0,33,104,64,94,39,1,1,60,60,Ukraine,2020,5.27,Ukraine,2020,4.8912,Europe
132,858,URY,Uruguay,49.1,67.7,67.7,71.0,64.6,56.1,70.8,84.5,61.6,62.3,62.3,48.9,48.9,36.7,25.0,20.0,20.1,3.3,6.6,72.2,32.6,52.0,21.0,16.7,81.6,38.0,6.5,7.1,5.9,,55.5,48.7,87.3,73.9,73.4,3.3,23.7,64.7,21.0,36.4,54.7,18.1,71.4,71.4,2.1,2.1,1.0,4.6,4.1,2.6,7.2,-4.0,5.8,9.0,3.7,4.6,4.6,0,0,-1.4,2.4,4.5,4.5,2.2,4.5,-20.0,15.9,0.9,-0.8,-1.4,11.5,-2.2,0.0,0.0,0.0,,-1.2,-4.6,29.2,-3.2,24.9,-92.3,0.0,13.7,-2.6,-41.0,-24.5,-57.5,11.5,11.5,0,0,61,33,30,21,56,49,35,29,38,56,56,69,69,141,163,155,158,77.0,160,126.0,140.0,94,156.0,152.0,26.0,132.0,124.0,75.0,117.0,,70,66,49,114.0,42,170,144.0,38,150,149,114,160,7,7,96,96,Uruguay,2020,6.31,Uruguay,2020,1.6812,Americas
133,840,USA,United States of America,69.3,82.8,84.2,78.8,98.0,34.3,86.1,81.4,89.2,75.9,75.9,48.3,48.3,60.3,67.5,53.8,61.6,100.0,15.8,83.9,86.3,58.2,26.8,23.2,59.3,59.0,6.6,8.9,,4.0,71.4,67.0,76.7,94.2,78.1,100.0,73.5,56.7,4.5,100.0,100.0,100.0,71.9,71.9,58.9,58.9,2.9,4.8,7.5,10.5,4.0,4.4,1.7,1.9,1.4,6.4,6.4,0,0,1.7,-0.8,0.5,0.8,0.0,2.7,-13.3,0.4,0.0,4.9,2.2,9.4,49.8,-2.4,-4.3,,-0.1,4.5,13.0,-23.3,6.7,-1.4,0.0,0.0,4.6,4.5,0.0,0.0,0.0,-4.0,-4.0,0,0,24,25,16,15,24,125,26,35,23,31,31,71,71,31,67,118,111,1.0,129,93.0,64.0,62,127.0,124.0,72.0,62.0,122.0,61.0,,50.0,15,18,69,25.0,35,1,31.0,57,167,1,1,1,6,6,32,32,United States,2020,7.028,United States,2020,14.2379,Americas
134,860,UZB,Uzbekistan,44.3,29.7,15.0,0.3,32.8,34.5,52.0,49.2,53.8,27.8,27.8,0.0,0.0,54.1,37.6,19.2,35.0,,1.7,75.2,49.2,65.9,70.4,72.2,52.2,56.0,,,,,65.9,67.9,44.0,78.7,21.2,97.2,91.6,97.1,43.2,70.9,68.5,73.2,47.5,47.5,0.0,0.0,3.1,3.0,3.7,0.3,9.0,-0.1,1.9,1.8,1.9,6.3,6.3,0,0,3.2,-1.5,0.0,0.0,,0.9,-13.9,0.0,0.7,7.5,9.8,17.4,-44.0,,,,,6.4,11.6,0.9,7.7,-42.4,27.5,0.0,-2.9,5.2,-1.1,-24.4,22.1,0.9,0.9,0,0,88,121,177,179,104,123,77,94,60,163,163,133,133,46,140,156,142,,178,118.0,129.0,39,27.0,22.0,99.0,71.0,,,,,34,16,137,112.0,164,25,15.0,7,102,70,87,61,58,58,134,134,Uzbekistan,2019,6.154,Uzbekistan,2020,3.3698,Asia
135,862,VEN,Venezuela,50.3,46.5,51.3,33.7,74.9,55.8,46.8,51.7,43.5,43.1,43.1,0.0,0.0,52.9,75.1,100.0,100.0,20.1,73.0,89.1,87.5,61.1,40.6,38.4,57.3,62.8,12.3,0.0,19.8,17.8,63.3,57.8,83.3,95.9,68.4,61.3,71.7,6.8,30.2,41.4,24.1,58.6,22.9,22.9,6.4,6.4,-0.5,2.3,2.9,0.7,7.2,-7.5,2.0,2.5,1.7,1.6,1.6,0,0,-2.2,0.6,0.0,0.0,0.0,13.4,-6.1,0.0,-1.5,-1.9,-3.1,4.9,13.8,-4.7,-13.2,0.0,-0.4,-3.9,0.1,-4.6,1.9,30.6,-29.1,0.0,-72.4,2.2,0.5,1.0,-0.2,-3.5,-3.5,0,0,59,80,51,112,47,50,94,87,95,115,115,133,133,52,48,1,1,50.0,7,62.0,60.0,52,65.0,59.0,80.0,54.0,72.0,109.0,41.0,17.0,44,43,58,16.0,57,74,35.0,172,130,133,165,79,146,146,74,74,Venezuela,2020,4.574,Venezuela,2020,2.9754,Americas
136,704,VNM,Viet Nam,33.4,40.6,32.0,36.6,24.9,38.7,52.7,55.7,50.7,47.8,47.8,22.8,22.8,28.5,33.3,43.9,28.0,3.8,25.0,39.4,66.6,50.8,16.4,14.1,39.7,35.5,14.6,35.3,4.6,2.1,30.7,20.6,54.4,,36.8,46.3,8.1,45.6,59.0,45.7,51.5,40.0,50.3,50.3,0.3,0.3,5.4,4.0,4.5,3.8,5.5,5.3,3.7,5.5,2.4,5.2,5.2,0,0,6.3,1.7,11.1,6.5,0.3,18.6,-50.4,12.7,0.2,-12.9,-13.6,6.3,-17.9,-2.7,-6.0,0.0,-2.1,15.8,20.6,17.4,,-12.0,19.2,0.0,2.9,-10.7,23.7,31.8,15.7,-1.0,-1.0,0,0,141,98,115,104,113,106,74,76,64,92,92,95,95,176,150,130,148,74.0,107,146.0,108.0,101,166.0,157.0,146.0,137.0,52.0,3.0,120.0,66.0,155,148,121,,140,107,155.0,99,84,121,122,125,52,52,119,119,Vietnam,2019,5.4670000000000005,Vietnam,2020,2.6126,Asia
137,710,ZAF,South Africa,43.1,31.1,28.9,22.7,36.2,38.5,24.6,26.7,23.2,58.8,58.8,77.0,77.0,51.0,63.2,41.9,45.2,100.0,24.4,95.1,79.4,58.7,20.6,17.1,58.3,45.8,7.8,7.8,,7.7,62.8,58.3,73.3,86.3,83.4,49.1,58.4,50.2,22.0,69.7,68.6,70.7,54.4,54.4,21.7,21.7,8.5,7.1,7.7,7.1,10.0,-4.0,7.0,7.7,6.5,8.2,8.2,0,0,9.4,22.8,4.5,6.1,97.2,10.2,-2.8,5.2,-0.3,2.0,1.3,12.5,3.1,-5.9,-10.1,,-1.2,10.9,17.0,5.9,-2.9,-4.5,10.1,0.0,11.6,4.2,-0.2,-4.6,4.0,-4.0,-4.0,0,0,95,115,131,148,98,109,133,132,133,65,65,41,41,62,80,133,133,1.0,108,25.0,87.0,59,158.0,149.0,76.0,96.0,116.0,69.0,,32.0,48,40,75,103.0,25,102,64.0,81,148,73,85,67,36,36,54,54,South Africa,2020,4.947,South Africa,2020,7.6204,Africa
138,894,ZMB,Zambia,34.7,21.0,27.0,36.9,12.5,34.0,13.4,13.9,13.1,42.4,42.4,0.0,0.0,43.9,90.4,100.0,100.0,,68.6,91.8,96.7,65.8,31.1,27.6,61.6,63.8,,,,,26.5,0.3,51.5,89.6,50.4,33.1,24.2,61.6,70.5,22.5,0.0,45.1,36.6,36.6,4.2,4.2,-7.3,2.8,-0.4,-3.9,4.5,0.1,6.7,7.1,6.4,5.1,5.1,0,0,-13.9,-0.3,0.0,0.0,,4.3,-6.6,0.0,-0.4,-9.7,-12.3,22.2,4.9,,,,,-25.0,-52.2,14.8,28.0,12.4,-7.3,0.0,-33.2,3.5,-33.8,-59.3,-8.2,2.5,2.5,0,0,132,150,138,102,142,127,158,155,159,117,117,133,133,95,2,1,1,,11,46.0,28.0,40,106.0,99.0,67.0,51.0,,,,,164,175,125,67.0,110,139,142.0,48,50,167,176,106,99,99,82,82,Zambia,2020,4.838,Zambia,2020,0.3575,Africa
139,716,ZWE,Zimbabwe,37.0,22.5,27.2,38.2,10.2,40.8,16.8,17.8,16.1,32.6,32.6,11.0,11.0,46.7,87.0,99.7,99.1,,54.1,91.2,94.8,58.0,23.1,20.8,47.8,39.0,,,,,37.0,10.2,90.2,,100.0,30.7,65.9,82.6,73.8,41.0,48.2,33.7,23.6,23.6,0.0,0.0,-7.3,2.7,1.7,1.5,2.5,-5.1,4.3,4.6,4.0,3.7,3.7,0,0,-14.0,1.2,0.0,0.0,,13.1,-3.4,0.0,-0.7,-2.3,-3.4,34.0,-19.7,,,,,-25.8,-49.6,4.9,,22.0,-38.1,0.0,82.6,0.8,-41.4,-42.3,-40.6,-4.7,-4.7,0,0,123,141,136,95,158,95,147,144,147,154,154,107,107,81,12,45,45,,24,50.0,35.0,64,146.0,134.0,115.0,128.0,,,,,132,163,42,,1,145,45.0,14,44,135,129,136,145,145,134,134,Zimbabwe,2020,3.16,Zimbabwe,2020,0.7086,Africa
